ID;SUPPLIER;"CARRIER NAME";INVOICE;"INVOICE NUMBER";"READY DATE";"VALIDATION DATE";"SHIPPING QUOTE";"PACKING LIST";"CUSTOMS DOCS";TRACKING;STATUS;id_claim;"PICKING DATE";CARRIER;INCOTERM;ROUTE;FREIGHT;"CUSTOMS CLEAR";"IMPORT DUTIES";"1º DELAY DATE";"2º DELAY DATE";"3º DELAY DATE";"4º DELAY DATE";"5º DELAY DATE";"6º DELAY DATE";"DELIVERY DATE";COMMENTS
1;88;TORRESTIR;10855.02;104894;2025-01-07;2025-01-07;157.00;2;1;"Recolha Oz parts 13/12/2024";3;;2025-01-07;17;EXW;LAND;157.00;0.00;0.00;2025-01-13;;;;;;2025-01-13;
2;50;"SENT BY SUPPLIER";3456.16;32257301;2025-01-08;2025-01-08;0.00;2;1;;3;;2025-01-08;21;DDP;LAND;0.00;0.00;0.00;;;;;;;2025-01-13;
3;75;UPS;91.97;20250108(1463368);2025-01-09;2025-01-09;39.78;2;1;1Z72794R86123069;3;;2025-01-15;19;EXW;AIR;21.90;17.80;0.00;2025-01-15;;;;;;2025-01-15;
4;27;"SENT BY SUPPLIER";1019.84;90318486;2025-01-15;2025-01-15;0.00;2;1;;3;;2025-01-15;21;DDP;LAND;0.00;0.00;0.00;;;;;;;2025-01-16;
5;56;UPS;914.84;N;2025-01-10;2025-01-10;225.81;0;1;1Z72794R8623177146;3;;2025-01-10;19;EXW;AIR;208.41;17.80;57.75;2025-01-17;;;;;;2025-01-17;
6;115;UPS;3051.72;N;2025-01-14;2025-01-14;304.98;2;2;1Z72794R9613404650;3;;2025-01-15;19;EXW;AIR;245.18;17.80;46.97;2025-01-20;;;;;;2025-01-20;
7;10;TORRESTIR;5545.70;F20243796;2025-01-09;2025-01-10;135.93;2;2;;3;;2025-01-12;17;EXW;LAND;135.93;0.00;0.00;2025-01-20;;;;;;2025-01-20;
14;82;TORRESTIR;3644.44;911/912/913/914/915/916/917;2025-03-19;2025-03-19;94.00;1;1;25A018;3;;2025-03-21;17;EXW;LAND;94.00;0.00;0.00;2025-04-09;2025-04-04;2025-04-02;2024-03-31;2025-03-28;2025-03-27;2025-04-07;
16;27;"SENT BY SUPPLIER";3933.91;2024;2024-12-04;2024-12-01;1.00;2;1;2024;3;;2024-12-04;21;DDP;LAND;0.00;0.00;0.00;;;;;;;2024-12-09;
17;73;"SENT BY SUPPLIER";6387.55;25000585;2025-01-17;2025-01-17;0.00;2;2;;3;;2025-01-17;21;DDP;LAND;0.00;0.00;0.00;;;;;;;2025-01-21;
18;27;"SENT BY SUPPLIER";3531.00;N;2025-01-17;2025-01-17;0.00;2;2;;3;;2025-01-17;21;DDP;LAND;0.00;0.00;0.00;;;;;;;2025-01-21;
19;50;"SENT BY SUPPLIER";15516.54;32264908;2025-01-17;2025-01-17;1.00;2;2;1;3;;2025-01-17;21;DDP;LAND;0.00;0.00;0.00;;;;;;;2025-01-22;
20;33;DPD;7126.94;;2025-01-09;2025-01-08;62.74;2;2;;3;;2025-01-09;5;EXW;LAND;62.74;0.00;0.00;;;;;;;2025-01-14;
21;9;"SENT BY SUPPLIER";16310.36;PSI00105675;2025-01-16;2025-01-16;1.00;2;1;2024;3;;2025-01-16;21;DAP;LAND;0.00;55.50;0.00;;;;;;;2025-01-23;
22;61;"SENT BY SUPPLIER";3894.37;F026159;2025-01-22;2025-01-22;;2;1;;3;;2025-01-22;21;DDP;LAND;0.00;0.00;0.00;;;;;;;2025-01-24;
23;50;"SENT BY SUPPLIER";52.14;32267627;2025-01-22;2025-01-22;1.00;2;1;1;3;;2025-01-22;21;DDP;LAND;0.00;0.00;0.00;;;;;;;2025-01-24;
24;84;UPS;398.90;2024;2025-01-20;2025-01-22;142.72;1;1;1Z72794R8618362115;3;;2025-01-23;19;EXW;AIR;138.74;17.80;0.00;;;;;;;2025-01-27;
25;73;"SENT BY SUPPLIER";1371.14;25000856;2025-01-24;2025-01-24;;2;1;;3;;2025-01-24;21;DDP;LAND;0.00;0.00;0.00;;;;;;;2025-01-27;
26;110;"SENT BY SUPPLIER";13877.37;N;2025-01-09;2025-01-09;;2;1;;3;;2025-01-09;21;DDP;LAND;0.00;0.00;0.00;;;;;;;2025-01-30;
27;91;TORRESTIR;11726.06;2024;2025-01-14;2025-01-14;647.22;1;1;2024;3;;2025-01-20;17;EXW;LAND;188.00;65.00;394.22;;;;;;;2025-01-31;
28;26;TORRESTIR;32391.16;;2025-01-14;2025-01-16;444.00;1;1;;3;;2025-01-21;17;EXW;LAND;444.00;65.00;0.00;;;;;;;2025-01-31;
29;13;TORRESTIR;69678.00;2024;2025-01-21;2025-01-14;697.00;1;1;2024;3;;2025-01-21;17;EXW;LAND;632.00;65.00;0.00;;;;;;;2025-01-31;
30;27;"SENT BY SUPPLIER";3492.00;90319424;2025-01-30;2025-01-30;;0;0;;3;;2025-01-30;21;DDP;LAND;0.00;0.00;0.00;;;;;;;2025-01-31;
31;99;TORRESTIR;17476.00;3000223/3041408/3041407;2025-01-14;2025-01-15;275.00;2;2;;3;;2025-01-17;17;EXW;LAND;275.00;0.00;0.00;;;;;;;2025-01-31;
32;9;"SENT BY SUPPLIER";9035.72;PSI00105875;2025-01-27;2025-01-27;;0;0;;3;;2025-01-27;21;DDP;LAND;0.00;0.00;0.00;;;;;;;2025-02-03;
33;25;UPS;17508.15;361315;2025-03-11;2025-03-12;690.36;0;1;1Z72794R8631998762;3;;2025-03-13;19;EXW;AIR;359.96;18.70;311.70;;;;;;;2025-03-14;"1Z72794R8631998762
1Z72794R8630210372
INCLUI SEGURO"
34;81;TORRESTIR;5988.62;90991782/90991783;2025-01-27;2025-01-28;180.00;0;0;;3;;2025-01-30;17;EXW;LAND;180.00;0.00;0.00;;;;;;;2025-02-04;
35;73;"SENT BY SUPPLIER";434.49;N;2025-01-24;2025-01-24;;2;0;;3;;2025-01-24;21;DDP;LAND;0.00;0.00;0.00;;;;;;;2025-02-04;
36;33;DPD;19632.60;N;2025-01-27;2025-01-24;98.10;2;2;;3;;2025-01-27;5;EXW;LAND;98.10;0.00;0.00;;;;;;;2025-02-05;
37;82;TORRESTIR;5723.68;;2025-01-24;2025-01-29;120.00;2;2;;3;;2025-02-02;17;EXW;LAND;120.00;0.00;0.00;;;;;;;2025-02-10;
38;50;"SENT BY SUPPLIER";20124.12;32278049;2025-02-05;2025-02-05;1.00;2;1;1;3;;2025-02-05;21;DDP;LAND;0.00;0.00;0.00;;;;;;;2025-02-07;
39;61;NACEX;3969.84;F026341;2024-02-03;2024-02-03;1.00;2;2;2024;3;;2024-02-05;11;DDP;LAND;0.00;0.00;0.00;;;;;;;2024-02-07;
40;27;"SENT BY SUPPLIER";4771.50;90319989;2025-02-04;2025-02-04;;2;1;;3;;2025-02-04;21;DDP;LAND;0.00;0.00;0.00;;;;;;;2025-02-10;
41;80;DPD;5679.36;N;2025-02-05;2025-02-03;13.10;2;2;5286000328670;3;;2025-02-05;5;EXW;LAND;13.10;0.00;0.00;;;;;;;2025-02-10;
42;73;"SENT BY SUPPLIER";453.74;;2025-02-05;2025-02-05;;2;0;;3;;2025-02-05;21;DDP;LAND;0.00;0.00;0.00;;;;;;;2025-02-11;
43;27;"SENT BY SUPPLIER";2767.50;N;2025-02-08;2025-02-08;;2;0;;3;;2025-02-08;21;DDP;LAND;0.00;0.00;0.00;;;;;;;2025-02-12;
44;87;MAINFREIGHT;6090.86;24-07258;2024-12-12;2024-12-12;928.86;1;1;QTM08060;3;;2025-01-09;10;EXW;SEA_LCL;896.36;32.50;0.00;2025-04-11;2025-04-14;2025-04-25;2025-04-25;;;2025-04-09;
45;113;MAINFREIGHT;13671.19;ASK25-001;2024-11-27;2024-12-11;1377.04;1;1;QTM08060;3;;2025-01-09;10;EXW;SEA_LCL;1344.54;32.50;0.00;2025-04-11;2025-04-14;2025-04-25;2025-04-25;;;2025-04-09;
46;29;MAINFREIGHT;64155.27;234320;2025-01-08;2025-01-13;3072.13;1;1;S04999708;3;;2025-01-20;10;EXW;SEA_LCL;3007.13;65.00;0.00;2025-04-04;2025-04-10;2025-03-24;2025-04-05;;;2025-04-03;FT0072
47;27;"SENT BY SUPPLIER";2004.50;N;2025-02-10;2025-02-10;;2;0;;3;;2025-02-10;21;DDP;LAND;0.00;0.00;0.00;;;;;;;2025-02-14;
48;56;TRANSITEX;69516.00;24PRP9004-3;2025-01-10;2025-01-11;4435.00;1;1;NBYK25011477;3;;2025-01-21;18;EXW;SEA_FCL;4523.06;0.00;0.00;2025-05-15;2025-05-14;2025-05-14;2025-05-05;2025-04-21;2025-04-25;2025-05-15;"FALTA DIREITOS"
49;112;UPS;710.00;45032/741;2025-02-11;2025-02-12;22.35;2;2;;3;;2025-02-12;19;EXW;LAND;22.35;0.00;0.00;2025-02-17;;;;;;2025-02-17;
50;49;"SENT BY SUPPLIER";38670.92;Varias;2025-02-10;2025-02-10;;2;1;;3;;2025-02-10;21;DDP;LAND;0.00;0.00;0.00;;;;;;;2025-02-17;
51;54;TRANSITEX;29927.00;G240705W;2025-01-10;2025-01-10;4643.00;1;1;NBYK25011476;3;;2025-01-21;18;EXW;SEA_FCL;4199.73;0.00;0.00;2025-05-15;2025-05-14;2025-05-05;2025-05-05;2025-04-21;2025-04-15;2025-05-15;"FALTA DIREITOS"
52;27;"SENT BY SUPPLIER";1721.90;N;2025-02-14;2025-02-14;;2;0;;3;;2025-02-14;21;DDP;LAND;0.00;0.00;0.00;;;;;;;2025-02-17;
53;61;"SENT BY SUPPLIER";1674.88;F026522;2025-02-17;2025-02-17;;2;1;;3;;2025-02-17;21;DDP;LAND;0.00;0.00;0.00;;;;;;;2025-02-19;
55;17;"SENT BY SUPPLIER";76350.32;#INV10121954;2025-01-17;2025-01-17;1617.00;1;1;TCLU7289629;3;;2025-01-17;21;CPT;SEA_FCL;1552.00;65.00;2564.69;2025-04-07;2024-04-15;2025-04-11;2025-03-20;;;2025-04-07;"all ways cargo= USD"
56;73;"SENT BY SUPPLIER";3193.02;25001950;2025-02-14;2025-02-14;;0;0;;3;;2025-02-14;21;DDP;LAND;0.00;0.00;0.00;;;;;;;2025-02-19;
57;83;"SENT BY SUPPLIER";2115.50;41/1635903;2025-02-18;2025-02-18;;2;1;;3;;2025-02-18;21;DDP;LAND;0.00;0.00;0.00;;;;;;;2025-02-20;
58;27;"SENT BY SUPPLIER";14531.22;90320312;2025-02-16;2025-02-26;;2;1;;3;;2025-02-16;21;DDP;LAND;0.00;0.00;0.00;;;;;;;2025-02-20;
59;116;TRANSITEX;104570.43;2024LPTD1;2025-01-10;2025-01-10;11253.35;1;1;NBYK25011475;3;;2025-01-21;18;EXW;SEA_FCL;6367.95;100.00;4755.40;2025-05-07;2025-05-06;2025-05-05;2025-05-12;2024-05-07;2025-04-15;2025-05-07;
60;82;"SENT BY SUPPLIER";725.34;N;2025-02-16;2025-02-16;;2;2;;3;;2025-02-18;21;DDP;LAND;0.00;0.00;0.00;;;;;;;2025-02-21;"Envio de produtos em falta já faturados"
61;97;"SENT BY SUPPLIER";744.51;H705741628;2025-02-10;2025-02-13;0.00;1;1;;3;;2025-02-13;21;DAP;AIR;0.00;0.00;29.59;2025-02-24;;;;;;2025-02-24;
62;10;TORRESTIR;5014.45;F20250247;2025-02-11;2025-02-11;135.00;2;2;;3;;2025-02-12;17;EXW;LAND;135.00;0.00;0.00;2025-02-24;;;;;;2025-02-18;
63;84;UPS;722.24;20250218;2025-02-14;2025-02-14;149.86;1;1;.;3;;2025-02-19;19;EXW;AIR;149.86;17.80;0.00;;;;;;;2025-02-24;
64;116;TRANSITEX;38880.75;2024LPTD1-20GP;2025-01-24;2025-01-24;4413.00;1;1;EGLV142500249515;3;;2025-02-12;18;EXW;SEA_FCL;4423.17;100.00;1.00;2025-05-15;2025-05-14;2025-05-05;2025-04-30;2025-04-24;2025-04-15;2025-05-15;"falta direitos"
65;50;"SENT BY SUPPLIER";6963.75;32288523;2024-11-28;2024-11-28;1.00;2;1;1;3;;2024-11-28;21;DDP;LAND;0.00;0.00;0.00;;;;;;;2024-12-01;
66;27;"SENT BY SUPPLIER";4544.28;90320805;2025-02-20;2025-02-20;;2;1;;3;;2025-02-20;21;DDP;LAND;0.00;0.00;0.00;;;;;;;2025-02-24;
67;73;"SENT BY SUPPLIER";661.05;25002325;2025-02-21;2025-02-21;;2;1;;3;;2025-02-21;21;DDP;LAND;0.00;0.00;0.00;;;;;;;2025-02-25;
68;84;MAINFREIGHT;19731.04;20241208-2-2;2025-02-17;2025-02-21;1608.48;1;1;17610052172;3;;2025-03-06;10;EXW;SEA_LCL;1603.48;65.00;0.00;2025-05-30;2025-05-29;2025-05-26;2025-05-20;;;2025-05-29;FT628
69;88;TORRESTIR;9914.22;FV#11424;2025-02-12;2025-02-14;158.00;2;2;N/A;3;;2025-02-18;17;EXW;LAND;158.00;0.00;0.00;2025-02-24;2025-02-26;;;;;2025-02-26;
70;49;UPS;1913.48;2024;2025-02-17;2025-02-17;106.68;0;0;1Z72794R9134154612;3;;2025-02-18;19;EXW;LAND;88.88;17.80;;;;;;;;2025-02-26;
71;33;DPD;3233.53;2025010032;2025-02-25;2025-02-25;42.90;0;0;X7QZQGLYY/01865022520238;3;;2025-02-26;5;EXW;LAND;42.90;0.00;0.00;2025-03-05;;;;;;2025-03-11;
72;83;"SENT BY SUPPLIER";855.02;41/1638412;2025-03-01;2025-03-01;;2;1;;3;;2025-03-01;21;DDP;LAND;0.00;0.00;0.00;;;;;;;2025-03-03;
78;74;MAINFREIGHT;21265.80;ASD2024002-ARM;2025-02-19;2025-02-21;2150.68;1;1;TPE25030046;3;;2025-02-28;10;EXW;SEA_LCL;1230.00;65.00;855.68;2025-05-16;2025-05-15;2025-05-15;2025-05-07;;;2025-05-16;"FALTA DIREITOS: 855.68€

FT21224 + 529"
79;29;DHL;40322.06;237177;2025-02-25;2025-02-28;2248.46;1;1;YVRA07587;3;;2025-03-10;22;EXW;SEA_LCL;2183.46;65.00;0.00;2025-05-23;2025-05-09;2025-05-23;2025-05-15;;;2025-05-23;"N/REF.: S2501000863
HBL: YVRA07587
Navio OOCL MontReal
ETD Vancouver: 17/03/2025
ETD Montreal: 04/04/2025
ETA Oporto: 30/04/2025"
81;61;"SENT BY SUPPLIER";2769.47;F026577;2025-03-03;2025-03-03;;2;1;;3;;2025-03-03;21;DDP;LAND;0.00;0.00;0.00;;;;;;;2025-03-05;
82;73;"SENT BY SUPPLIER";2376.95;N;2025-03-01;2025-03-01;;2;0;;3;;2025-03-01;21;DDP;LAND;0.00;0.00;0.00;;;;;;;2025-03-05;
83;78;DPD;1732.60;"20250214/ 20250210";2025-03-03;2025-03-04;79.81;1;1;25R013;3;;2025-03-04;5;EXW;LAND;79.81;;;2025-03-07;;;;;;2025-03-06;79.81
84;9;"SENT BY SUPPLIER";36176.72;PSI00106156;2025-02-24;2025-02-24;199.00;0;0;2024;3;;2025-02-24;21;DDP;LAND;121.50;77.50;0.00;;;;;;;2025-03-06;
85;84;UPS;1231.52;20250301-1;2025-02-11;2025-02-12;299.79;0;0;1Z72794R8603304492;3;;2025-02-13;19;EXW;LAND;218.37;17.80;71.54;;;;;;;2025-03-10;"1Z72794R8615295686

DIREITOS RECLAMADOS"
86;50;"SENT BY SUPPLIER";4156.21;"32299631/ 32299630";2025-03-08;2025-03-08;1.00;2;1;2024;3;;2025-03-08;21;DDP;LAND;0.00;0.00;0.00;;;;;;;2025-03-10;
87;13;ROSADO;87344.40;20327;2025-02-22;2025-02-22;1136.35;1;1;25R013;3;;2025-03-26;31;EXW;LAND;1136.35;16.25;0.00;;;;;;;2025-03-07;
88;91;ROSADO;11504.41;"50799/ 50798";2025-02-26;2025-02-25;227.27;1;1;25R013;3;;2025-02-26;31;EXW;LAND;227.27;16.25;401.53;2025-03-07;;;;;;2025-03-11;B
89;1;ROSADO;29684.56;FMD.3949369/FMD.342233/2/FMD.362669/2/FMD.375788/2;2025-02-26;2025-02-25;454.54;0;0;25R013;3;;2025-02-26;31;EXW;LAND;454.54;16.25;0.00;2025-03-07;;;;;;2025-03-07;
90;99;DHL;5447.00;324/325;2025-03-05;2025-03-10;115.00;2;1;00037484268;3;;2025-03-21;22;EXW;LAND;115.00;0.00;0.00;2025-03-26;2025-03-25;2025-03-21;;;;2025-03-26;
91;37;TORRESTIR;11503.10;R71867;2025-03-12;2025-03-12;115.00;2;2;;3;;2025-03-13;17;EXW;LAND;115.00;0.00;0.00;;;;;;;2025-03-19;
92;52;ROSADO;23946.97;ZUK47707/ZUK47709/ZUK47706/ZUK47734/ZUK47710;2025-02-26;2025-02-26;681.81;1;1;25R013;3;;2025-02-26;31;DAP;LAND;681.81;16.25;1000.00;2025-03-07;;;;;;2025-03-07;
93;33;DPD;1279.12;2025020008;2025-03-04;2025-03-05;24.58;2;2;X7Q6JXN3Z;3;;2025-03-06;5;EXW;LAND;24.58;0.00;0.00;;;;;;;2025-03-11;
94;49;"SENT BY SUPPLIER";30848.84;144543/144353/144350/144349/144348/144347;2025-03-01;2025-03-01;;2;1;;3;;2025-03-01;21;DDP;LAND;95.00;85.00;0.00;;;;;;;2025-03-11;"95€ Honorarios DSV"
95;72;UPS;2541.64;2025030402;2025-03-12;2025-03-12;187.72;2;1;1Z72794R8609040864;3;;2025-03-13;19;EXW;AIR;147.87;18.70;21.15;2025-03-19;;;;;;2025-03-19;"146.57 FATURADO"
96;9;UPS;2446.61;PSI00106415;2025-03-12;2025-03-12;38.00;1;1;1Z72794R9112444297;3;;2025-03-13;19;EXW;LAND;29.00;9.00;0.00;2025-03-31;2025-03-26;2025-03-25;2025-03-25;2024-03-25;2025-03-21;2025-03-28;"FT38441
Alterado o valor"
97;61;"SENT BY SUPPLIER";1376.55;F026823/F026726;2025-03-11;2025-03-11;;2;1;;3;;2025-03-11;21;DDP;LAND;0.00;0.00;0.00;;;;;;;2025-03-13;
98;49;UPS;1253.77;esp01back;2025-03-14;2025-03-14;79.68;1;1;1Z72794R9131032491;3;;2025-03-18;19;EXW;LAND;61.88;17.80;0.00;2025-03-25;2024-03-25;2025-03-21;;;;2025-03-25;52.98€
99;56;UPS;2554.67;N1;2025-03-14;2025-03-14;298.77;2;1;1Z72794R8633765910;3;;2025-03-17;19;EXW;AIR;298.77;17.80;123.26;2025-03-25;2025-03-21;;;;;2025-03-25;"Caixa na alemanha 24/03/2025

289.36€ sem drts"
100;13;TORRESTIR;80868.00;INV20530;2025-03-14;2025-03-14;985.00;1;1;25R021;3;;2025-03-18;17;EXW;LAND;985.00;0.00;0.00;2025-03-26;2025-03-25;2025-03-25;;;;2025-03-26;
101;13;UPS;783.00;INV-20430;2025-03-03;2025-03-03;40.93;2;1;1Z72794R9113662719;3;;2025-03-05;19;EXW;LAND;23.13;17.80;0.00;2025-02-13;;;;;;2025-03-13;"32.13€ com tudo"
102;50;"SENT BY SUPPLIER";8629.29;32303222/32303221;2025-03-12;2025-03-12;1.00;2;1;2024;3;;2025-03-12;21;DDP;LAND;0.00;0.00;0.00;;;;;;;2025-03-14;
103;25;UPS;17791.13;361315;2024-11-20;2024-11-20;631.03;2;1;1Z72794R8631998762;3;;2024-11-20;19;EXW;AIR;269.72;17.80;343.51;;;;;;;2024-11-29;C/seguro
104;111;UPS;1086.31;"PTAL004/ PTAL005";2025-03-04;2025-03-05;212.76;1;1;1Z72794R8614023542;3;;2025-03-06;19;EXW;LAND;140.13;18.70;53.93;;;;;;;2025-03-14;"148.29€ com tudo"
105;115;DBSCHENKER;39129.96;N;2025-02-20;2025-02-21;1395.00;1;1;2502OPOAI00463;3;;2025-02-28;4;EXW;AIR;1395.00;65.00;1198.76;;;;;;;2025-03-17;
106;68;UPS;5447.31;155063;2025-03-06;2025-03-11;445.73;0;0;1Z72794R8608862264;3;;2025-03-12;19;EXW;AIR;333.20;18.70;93.83;2025-03-17;;;;;;2025-03-17;"RECLAMADO 410.72€ com tudo menos drts"
107;27;"SENT BY SUPPLIER";5505.37;90322477;2025-03-15;2025-03-15;;0;0;;3;;2025-03-15;21;DDP;LAND;0.00;0.00;0.00;;;;;;;2025-03-14;
108;26;UPS;784.44;144775;2025-03-10;2025-03-10;41.83;2;1;1Z72794R9130821149;3;;2025-03-11;19;EXW;LAND;23.13;18.70;0.00;;;;;;;2025-03-17;28.78€
109;116;UPS;909.99;N;2025-01-06;2025-01-07;607.45;1;1;"1Z72794R8606158092  / 1Z72794R8619102288 / 1Z72794R8618886505";3;;2025-01-14;19;EXW;LAND;607.45;17.80;89.49;2025-01-17;;;;;;2025-01-17;
110;50;"SENT BY SUPPLIER";3115.60;2024;2024-08-17;2024-08-17;1.00;2;1;1;3;;2024-08-17;21;DDP;LAND;0.00;0.00;0.00;2024-02-19;2024-02-19;2024-02-19;;;;2024-08-18;
111;11;"SENT BY SUPPLIER";15174.30;N45326;2025-03-19;2025-03-19;1.00;0;1;1ZB796Y36726747951;3;;2025-03-19;21;DDP;AIR;0.00;29.24;528.24;2025-03-26;2025-03-25;;;;;2025-03-26;"9€ despacho"
112;63;"SENT BY SUPPLIER";10144.83;DW-I024495;2024-12-11;2024-12-11;234.60;1;1;1ZRX11586747626049;3;;2024-12-11;21;CPT;AIR;1.00;18.70;216.80;2024-12-17;2025-03-25;;;;;2024-12-16;"Valor de fatura em dolares, falta valor de frete"
113;84;DBSCHENKER;25609.93;2024;2024-01-20;2024-01-22;1976.63;1;1;2024;3;;2024-02-15;4;EXW;SEA_LCL;1881.63;95.00;0.00;2024-06-21;;;;;;2024-06-21;
114;74;SCHENKER;23596.09;2024;2024-02-10;2024-02-12;1183.97;1;1;2024;3;;2024-02-19;14;EXW;SEA_LCL;1088.87;95.00;659.96;;;;;;;2024-06-05;
115;54;"ALL WAYS CARGO";51767.45;2024;2024-02-10;2024-02-12;6310.08;1;1;2024;3;;2024-02-27;2;EXW;SEA_FCL;4150.00;0.00;2195.08;;;;;;;2024-06-21;dsv
117;75;"SENT BY SUPPLIER";16171.36;2024;2024-03-10;2024-03-12;974.33;1;1;2024;3;;2024-03-20;21;EXW;SEA_LCL;974.33;202.95;95.14;;;;;;;2024-05-30;
118;9;"SENT BY SUPPLIER";38165.00;2024;2024-05-20;2024-05-20;199.00;1;1;2024;3;;2024-05-20;21;CPT;SEA_LCL;121.50;77.50;0.00;2024-05-29;;;;;;2024-05-28;
119;44;"ABREU LOGISTICS";17981.03;2024;2024-03-20;2024-03-22;775.00;1;1;2024;3;;2024-03-28;1;EXW;SEA_LCL;650.00;125.00;662.52;;;;;;;2024-05-29;
120;97;DBSCHENKER;54094.70;2024;2024-03-20;2024-03-22;3158.26;1;1;2024;3;;2024-03-28;4;EXW;SEA_LCL;1107.44;190.00;1860.82;;;;;;;2024-06-19;
122;17;RHENUS;7993.04;2024;2024-03-28;2024-03-30;572.06;1;1;2024;3;;2024-04-09;13;EXW;SEA_LCL;572.06;95.00;296.70;;;;;;;2024-06-12;
123;68;DBSCHENKER;12385.01;2024;2024-03-30;2024-04-02;625.00;1;1;2024;3;;2024-04-12;4;EXW;SEA_LCL;625.00;95.00;334.40;;;;;;;2024-07-18;
124;29;DBSCHENKER;70563.58;2024;2024-04-12;2024-04-14;2832.44;1;1;2024;3;;2024-04-23;4;EXW;SEA_LCL;2832.44;95.00;0.00;;;;;;;2024-07-18;
125;80;DPD;2212.66;2024;2024-05-01;2024-05-02;11.06;2;2;2024;3;;2024-05-05;5;EXW;LAND;11.06;0.00;0.00;;;;;;;2024-05-10;
126;91;"LUSO CARGO";11012.95;2024;2024-05-20;2024-05-15;437.25;2;2;2024;3;;2024-05-20;8;EXW;LAND;437.25;125.00;0.00;;;;;;;2024-06-02;
127;18;"LUSO CARGO";16026.32;2024;2024-05-20;2024-05-18;512.25;2;2;2024;3;;2024-05-20;8;EXW;LAND;512.25;75.00;0.00;;;;;;;2024-06-02;
128;1;"LUSO CARGO";13516.33;2024;2024-05-20;2024-05-18;462.25;1;1;2024;3;;2024-05-20;8;EXW;LAND;462.25;100.00;0.00;;;;;;;2024-06-02;
129;26;"LUSO CARGO";16009.56;2024;2024-05-20;2024-05-18;672.25;1;1;2024;3;;2024-05-20;8;EXW;LAND;582.25;90.00;0.00;;;;;;;2024-06-02;
130;13;"LUSO CARGO";39168.00;2024;2024-05-20;2024-05-18;612.25;1;1;2024;3;;2024-05-20;8;EXW;LAND;612.25;75.00;0.00;;;;;;;2024-06-02;
131;61;NACEX;3099.46;2024;2024-05-21;2024-05-18;17.08;2;2;2024;3;;2024-05-21;11;EXW;LAND;17.08;0.00;0.00;;;;;;;2024-05-29;
132;61;NACEX;2026.29;2024;2024-05-21;2024-05-18;15.00;2;2;2024;3;;2024-05-22;11;EXW;LAND;15.00;0.00;0.00;;;;;;;2024-05-29;
133;108;DBSCHENKER;6093.34;2024;2024-05-22;2024-05-15;1241.15;1;1;2024;3;;2024-05-22;4;FCA;SEA_LCL;1146.15;95.00;0.00;;;;;;;2024-08-06;
134;62;UPS;3034.64;2024;2024-05-27;2024-05-25;120.00;1;1;2024;3;;2024-05-25;19;EXW;AIR;120.00;9.95;0.00;;;;;;;2024-06-11;
135;117;DBSCHENKER;6667.85;2024;2024-05-27;2024-05-18;906.86;1;1;2024;3;;2024-05-27;4;EXW;SEA_LCL;906.86;95.00;239.98;;;;;;;2024-08-30;
136;49;UPS;364.95;2024;2024-05-28;2024-05-28;43.21;1;1;2024;3;;2024-05-28;19;EXW;AIR;43.21;9.95;0.00;;;;;;;2024-06-13;
137;88;RHENUS;5985.72;2024;2024-05-29;2024-06-03;141.00;1;1;2024;3;;2024-05-29;13;EXW;LAND;141.00;0.00;0.00;;;;;;;2024-06-13;
138;29;DBSCHENKER;34068.80;2024;2024-05-21;2024-06-04;1785.00;1;1;2024;3;;2024-06-04;4;EXW;LAND;1785.00;95.00;0.00;;;;;;;2024-09-06;
139;13;UPS;30479.40;2024;2024-06-05;2024-06-05;565.94;1;1;2024;3;;2024-06-05;19;EXW;AIR;565.94;10.00;0.00;;;;;;;2024-06-13;
140;116;TNT;1086.84;2024;2024-12-20;2024-12-20;1021.95;1;1;2024;3;;2024-12-20;16;EXW;LAND;935.02;17.80;69.13;;;;;;;2024-12-23;
141;61;NACEX;4428.84;2024;2024-06-06;2024-06-03;34.00;2;2;2024;3;;2024-06-03;11;EXW;LAND;34.00;0.00;0.00;;;;;;;2024-06-11;
142;52;UPS;1058.72;2024;2024-06-06;2024-06-06;6.59;2;2;2024;3;;2024-06-06;19;DDP;LAND;6.59;21.97;0.00;;;;;;;2024-06-14;
143;87;DBSCHENKER;15861.18;2024;2024-06-06;2024-06-06;1775.02;1;1;2024;3;;2024-06-06;4;EXW;SEA_LCL;1775.02;95.00;0.00;;;;;;;2024-08-06;
144;50;"SENT BY SUPPLIER";13326.96;2024;2024-06-07;2024-06-07;5.00;1;1;2024;3;;2024-06-07;21;DDP;LAND;5.00;0.00;0.00;;;;;;;2024-06-14;
145;9;ROSADO;98180.35;2024;2024-11-08;2024-11-08;220.44;1;1;2024;3;;2024-11-08;31;DDP;LAND;220.44;0.00;0.00;;;;;;;2024-11-25;
146;50;"SENT BY SUPPLIER";9725.19;2024;2024-07-11;2024-07-11;1.00;1;1;2024;3;;2024-07-11;21;DDP;LAND;1.00;0.00;0.00;;;;;;;2024-07-12;
147;73;"SENT BY SUPPLIER";967.59;2024;2024-06-10;2024-06-10;19.25;1;1;2024;3;;2024-06-10;21;DDP;AIR;19.25;0.00;0.00;;;;;;;2024-06-13;
148;17;"CARGO BASE";46412.56;2024;2024-06-12;2024-06-12;203851.75;1;1;2024;3;;2024-06-12;25;EXW;SEA_LCL;2086.35;81.81;1683.59;;;;;;;2024-06-27;
149;1;"CARGO BASE";14830.98;2024;2024-06-12;2024-06-12;232.62;1;1;2024;3;;2024-06-12;25;EXW;LAND;232.62;9.09;0.00;;;;;;;2024-06-27;
150;91;"CARGO BASE";9763.29;2024;2024-06-12;2024-06-12;231.81;1;1;2024;3;;2024-06-12;25;EXW;LAND;231.81;9.09;0.00;;;;;;;2024-07-04;
151;49;UPS;787.83;2024;2024-06-13;2024-06-13;115.28;1;1;2024;3;;2024-06-13;19;EXW;AIR;115.28;17.80;0.00;;;;;;;2024-06-25;
152;25;UPS;17476.80;2024;2024-06-13;2024-06-13;577.47;1;1;2024;3;;2024-06-13;19;EXW;AIR;577.47;17.80;295.54;;;;;;;2024-06-25;
153;81;TORRESTIR;3209.10;2024;2024-06-14;2024-06-14;155.00;1;1;2024;3;;2024-06-14;17;EXW;LAND;155.00;0.00;0.00;;;;;;;2024-06-20;
154;24;"SENT BY SUPPLIER";5440.00;2024;2024-06-15;2024-06-15;1.00;1;1;2024;3;;2024-06-15;21;DDP;LAND;1.00;0.00;0.00;;;;;;;2024-06-18;
155;50;"SENT BY SUPPLIER";2058.23;2024;2024-06-15;2024-06-15;1.00;2;2;2024;3;;2024-06-15;21;DDP;LAND;1.00;0.00;0.00;;;;;;;2024-06-20;
156;99;"SENT BY SUPPLIER";11212.51;2024;2024-06-17;2024-06-17;1.00;2;2;2024;3;;2024-06-17;21;DDP;LAND;1.00;0.00;0.00;;;;;;;2024-06-27;
157;33;DPD;7207.02;2024;2024-06-18;2024-06-18;70.15;2;2;2024;3;;2024-06-18;5;DDP;LAND;70.15;0.00;0.00;;;;;;;2024-06-21;
158;80;DPD;5625.11;2024;2024-06-15;2024-06-15;14.03;1;1;2024;3;;2024-06-15;5;EXW;LAND;14.03;0.00;0.00;;;;;;;2024-06-26;
159;82;NAGEL;2964.64;2024;2024-06-18;2024-06-18;110.00;1;1;2024;3;;2024-06-18;27;EXW;SEA_LCL;110.00;0.00;0.00;;;;;;;2024-06-27;
160;23;DBSCHENKER;15313.53;2024;2024-06-18;2024-06-18;772.78;1;1;2024;3;;2024-06-18;4;EXW;SEA_LCL;772.78;95.00;560.64;;;;;;;2024-09-06;
161;73;UPS;523.25;2024;2024-06-20;2024-06-20;19.25;1;1;2024;3;;2024-06-20;19;DDP;AIR;19.25;0.00;0.00;;;;;;;2024-06-24;
162;56;TNT;4440.70;2024;2024-06-20;2024-06-20;727.10;1;1;2024;3;;2024-06-20;16;EXW;AIR;576.07;0.00;151.03;;;;;;;2024-07-03;
163;27;UPS;4177.50;2024;2024-06-25;2024-06-25;1.00;1;1;2024;3;;2024-06-25;19;DDP;AIR;1.00;0.00;0.00;;;;;;;2024-07-01;
164;109;WARELOG;17283.91;2024;2024-06-25;2024-06-25;1522.54;1;1;2024;3;;2024-06-25;20;EXW;SEA_LCL;945.00;0.00;577.54;;;;;;;2024-09-20;
165;33;DPD;9272.37;2024;2024-06-26;2024-07-03;84.18;1;1;2024;3;;2024-07-03;5;EXW;LAND;84.18;0.00;0.00;;;;;;;2024-07-03;
166;10;"LUSO CARGO";6131.65;2024;2024-06-26;2024-06-26;110.00;2;2;2024;3;;2024-06-26;8;EXW;LAND;110.00;0.00;0.00;;;;;;;2024-07-09;
167;88;"LUSO CARGO";4040.44;2024;2024-06-26;2024-06-26;135.00;1;1;2024;3;;2024-06-26;8;EXW;LAND;135.00;0.00;0.00;;;;;;;2024-07-11;
168;61;NACEX;3559.57;2024;2024-06-28;2024-07-02;25.62;2;2;2024;3;;2024-07-02;11;EXW;LAND;25.62;0.00;0.00;;;;;;;2024-07-02;
169;27;"SENT BY SUPPLIER";4116.42;2024;2024-06-28;2024-06-28;1.00;2;2;2024;3;;2024-06-28;21;DDP;LAND;1.00;0.00;0.00;;;;;;;2024-07-02;
170;27;"SENT BY SUPPLIER";3092.18;2024;2024-06-28;2024-06-28;1.00;2;2;2024;3;;2024-06-28;21;DDP;LAND;1.00;0.00;0.00;;;;;;;2024-07-02;
171;82;"SENT BY SUPPLIER";1556.62;2024;2024-06-28;2024-06-28;1.00;2;2;2024;3;;2024-06-28;21;DDP;LAND;0.00;0.00;0.00;;;;;;;2024-06-28;
172;73;UPS;458.56;2024;2024-07-01;2024-07-01;19.25;1;1;2024;3;;2024-07-01;19;DDP;AIR;19.25;0.00;0.00;;;;;;;2024-07-04;
173;33;UPS;2940.59;2024;2024-07-02;2024-07-02;7204.54;2;2;2024;3;;2024-07-02;19;EXW;LAND;14.03;0.00;0.00;;;;;;;2024-07-02;
174;73;DPD;2093.00;2024;2024-07-03;2024-07-03;19.25;2;2;2024;3;;2024-07-03;5;DDP;LAND;19.25;0.00;0.00;;;;;;;2024-07-10;
175;27;"SENT BY SUPPLIER";7204.54;2024;2024-07-02;2024-07-02;1.00;2;2;2024;3;;2024-07-02;21;DDP;LAND;1.00;0.00;0.00;;;;;;;2024-07-10;
176;63;UPS;9185.95;2024;2024-07-04;2024-07-04;1.00;1;1;2024;3;;2024-07-04;19;DDP;AIR;0.00;17.80;335.16;;;;;;;2024-07-10;
177;50;"SENT BY SUPPLIER";9136.55;2024;2024-09-03;2024-09-03;1383.18;1;1;2024;3;;2024-09-03;21;DDP;AIR;0.00;0.00;0.00;;;;;;;2024-09-06;
178;50;"SENT BY SUPPLIER";5905.04;2024;2024-11-12;2024-11-12;1.00;2;2;2024;3;;2024-11-12;21;DDP;LAND;1.00;0.00;0.00;;;;;;;2024-11-13;
179;9;"LUSO CARGO";141466.86;2024;2024-07-08;2024-07-08;68.45;1;1;2024;3;;2024-07-08;8;CPT;LAND;1.00;0.00;0.00;;;;;;;2024-07-18;
180;27;"SENT BY SUPPLIER";2670.15;2024;2024-07-10;2024-07-10;1.00;2;2;2024;3;;2024-07-10;21;DDP;LAND;1.00;0.00;0.00;;;;;;;2024-07-12;
181;27;UPS;2024.00;617,26;2024-07-10;2024-07-10;10.00;2;2;2024;3;;2024-07-10;19;DDP;LAND;10.00;0.00;0.00;;;;;;;2024-07-12;
182;73;UPS;1685.64;2024;2024-07-10;2024-07-10;19.25;2;2;2024;3;;2024-07-10;19;DDP;LAND;19.25;0.00;0.00;;;;;;;2024-07-15;
183;50;"SENT BY SUPPLIER";3115.60;2024;2024-08-15;2024-07-11;1.00;2;2;2024;3;;2024-08-15;21;DDP;LAND;0.00;0.00;0.00;;;;;;;2024-08-19;
184;50;"SENT BY SUPPLIER";14359.32;2024;2024-07-11;2024-07-11;1.00;2;2;2024;3;;2024-07-11;21;DDP;LAND;1.00;0.00;0.00;;;;;;;2024-07-15;
185;61;NACEX;1309.01;2024;2024-07-11;2024-07-11;9.07;2;2;2024;3;;2024-07-11;11;EXW;LAND;9.07;0.00;0.00;;;;;;;2024-07-15;
186;49;"SENT BY SUPPLIER";38117.78;2024;2024-07-11;2024-07-11;1.00;1;1;2024;3;;2024-07-11;21;DDP;LAND;1.00;0.00;0.00;;;;;;;2024-07-16;
187;49;DPD;2068.97;2024;2024-07-15;2024-07-15;14.30;0;0;DPD5286000225717;3;;2024-07-17;5;DDP;LAND;14.03;0.00;0.00;;;;;;;2024-07-24;
188;52;"SENT BY SUPPLIER";14505.62;2024;2024-07-18;2024-07-18;1.00;1;1;2024;3;;2024-07-18;21;DDP;LAND;1.00;0.00;516.82;;;;;;;2024-08-07;
189;88;RHENUS;3654.57;2024;2024-07-16;2024-07-17;121.00;1;1;S-03350955;3;;2024-07-19;13;EXW;LAND;121.00;0.00;0.00;;;;;;;2024-07-26;
190;9;DHL;1796.61;2024;2024-07-22;2024-07-22;1.00;2;2;2024;3;;2024-07-22;22;CPT;LAND;0.00;0.00;0.00;;;;;;;2024-08-01;
191;110;TNT;3815.69;2024;2024-07-23;2024-07-23;201.59;1;1;222994803;3;;2024-07-24;16;EXW;LAND;201.59;0.00;0.00;;;;;;;2024-08-08;
192;33;DPD;3175.88;2024;2024-07-25;2024-07-25;14.03;2;2;1865022501612;3;;2024-07-29;5;EXW;LAND;14.03;0.00;0.00;;;;;;;2024-07-31;
193;29;DHL;48499.59;240662;2025-03-31;2025-03-25;1943.77;1;1;YVRA07793;3;;2025-04-07;22;EXW;SEA_LCL;1878.77;65.00;0.00;2025-06-11;2025-06-19;2024-06-25;;;;2025-06-11;"S2501437019

FT6470"
194;37;"LUSO CARGO";10761.68;2024;2024-07-24;2024-07-25;110.00;1;1;638314;3;;2024-07-26;8;EXW;SEA_LCL;110.00;0.00;0.00;;;;;;;2024-08-05;
195;13;UPS;59494.20;2024;2024-07-26;2024-07-26;875.39;1;1;226627950;3;;2024-07-26;19;EXW;AIR;875.39;0.00;0.00;;;;;;;2024-08-08;
196;1;"LUSO CARGO";21464.24;2024;2024-07-18;2024-07-23;523.33;1;1;0;3;;2024-07-26;8;EXW;LAND;373.33;150.00;0.00;;;;;;;2024-08-09;
197;17;"LUSO CARGO";42091.62;2024;2024-07-01;2024-07-23;2362.06;1;1;2024;3;;2024-07-26;8;EXW;SEA_LCL;1081.69;150.00;1130.37;;;;;;;2024-08-13;
198;91;"LUSO CARGO";6881.33;2024;2024-07-14;2024-07-23;759.17;1;1;2024;3;;2024-07-26;8;EXW;LAND;231.67;150.00;377.50;;;;;;;2024-08-22;
199;26;"LUSO CARGO";12125.64;2024;2024-07-15;2024-07-23;373.33;1;1;2024;3;;2024-07-29;8;EXW;LAND;373.33;150.00;0.00;;;;;;;2024-08-08;
200;61;NACEX;969.04;2024;2024-07-30;2024-07-30;8.54;2;2;7490/00399;3;;2024-07-31;11;EXW;LAND;8.54;0.00;0.00;;;;;;;2024-08-01;
201;29;FEDEX;955.67;2024;2024-07-17;2024-07-30;185.96;1;1;77768628633;3;;2024-07-31;6;EXW;LAND;185.96;0.00;0.00;;;;;;;2024-08-07;
202;81;"LUSO CARGO";6141.55;2024;2024-08-01;2024-08-01;195.00;2;2;639674;3;;2024-08-06;8;EXW;LAND;195.00;0.00;0.00;;;;;;;2024-08-12;
203;17;"SENT BY SUPPLIER";19485.93;2024;2024-12-26;2024-12-26;1.00;1;1;2024;3;;2024-12-26;21;DDP;SEA_LCL;0.00;224.00;610.92;;;;;;;2025-01-03;
204;29;"ABREU LOGISTICS";47419.49;2024;2024-08-02;2024-08-02;1988.00;1;1;2024;3;;2024-08-10;1;EXW;SEA_LCL;1988.00;0.00;0.00;;;;;;;2024-10-11;
205;61;NACEX;946.06;2024;2024-08-06;2024-08-06;8.54;2;2;2024;3;;2024-08-07;11;EXW;LAND;8.54;0.00;0.00;;;;;;;2024-08-08;
206;27;"SENT BY SUPPLIER";4177.50;2024;2024-08-06;2024-08-06;1.00;1;1;2024;3;;2024-08-07;21;EXW;LAND;1.00;0.00;0.00;;;;;;;2024-08-09;
207;13;TNT;23500.80;2024;2024-08-07;2024-08-07;418.68;1;1;235821951;3;;2024-08-08;16;EXW;LAND;418.68;0.00;0.00;;;;;;;2024-08-22;
208;97;MAERSK;193911.42;2024;2024-07-24;2024-08-02;2522.15;1;1;MSKU4007884;3;;2024-08-08;9;EXW;SEA_FCL;2522.15;100.00;5566.08;;;;;;;2024-11-29;
209;9;"SENT BY SUPPLIER";5935.99;2024;2024-11-26;2024-11-26;1.00;1;1;2024;3;;2024-11-26;21;EXW;AIR;1.00;0.00;0.00;;;;;;;2024-12-06;
210;9;UPS;458.56;2024;2024-08-15;2024-08-14;19.25;1;1;2024;3;;2024-08-15;19;EXW;AIR;19.25;0.00;0.00;;;;;;;2024-08-19;
211;27;"SENT BY SUPPLIER";5066.26;2024;2024-08-15;2024-08-15;1.00;1;1;2024;3;;2024-08-16;21;EXW;AIR;0.00;0.00;0.00;;;;;;;2024-08-19;
212;50;"SENT BY SUPPLIER";2154.78;2024;2024-08-24;2024-08-15;1.00;1;1;2024;3;;2024-08-24;21;EXW;LAND;0.00;0.00;0.00;;;;;;;2024-08-29;
213;20;TNT;5450.30;2024;2024-08-19;2024-08-19;711.50;1;1;2024;3;;2024-08-20;16;EXW;AIR;711.50;5.00;0.00;;;;;;;2024-08-23;
214;72;UPS;1888.66;2024;2024-08-19;2024-08-19;162.07;1;1;2024;3;;2024-08-20;19;EXW;AIR;125.35;18.70;37.72;;;;;;;2024-08-23;
215;33;DPD;14717.78;2024;2024-08-19;2024-08-20;141.48;1;1;2024;3;;2024-08-21;5;EXW;AIR;141.48;0.00;0.00;;;;;;;2024-08-26;
216;75;WARELOG;12534.63;2024;2024-08-19;2024-08-19;1000.00;1;1;FRWDMI16818;3;;2024-10-27;20;EXW;SEA_LCL;1000.00;0.00;85.75;;;;;;;2024-12-12;
217;97;MAERSK;110722.96;2024;2024-11-26;2024-11-26;5753.15;0;0;2024;3;;2024-11-26;9;EXW;AIR;2243.98;125.00;3384.17;;;;;;;2025-01-23;
218;83;"SENT BY SUPPLIER";2352.40;2024;2024-08-23;2024-08-23;1.00;1;1;2024;3;;2024-08-24;21;DDP;AIR;0.00;0.00;0.00;;;;;;;2024-09-02;
219;13;TNT;32917.20;2024;2024-08-23;2024-08-23;532.88;1;1;247913200;3;;2024-08-24;16;EXW;LAND;532.88;5.00;0.00;;;;;;;2024-09-02;
220;50;"SENT BY SUPPLIER";7882.16;2024;2024-07-22;2024-07-22;1.00;1;1;2024;3;;2024-07-22;21;DDP;LAND;0.00;0.00;0.00;;;;;;;2024-07-27;
221;74;WARELOG;26573.63;2024;2024-08-28;2024-08-20;1880.00;1;1;FRWDMI17030;3;;2024-08-28;20;EXW;SEA_LCL;1880.00;0.00;562.95;;;;;;;2024-11-22;
222;82;TORRESTIR;2623.13;2024;2024-08-28;2024-08-27;90.00;1;1;2024;3;;2024-08-28;17;EXW;LAND;90.00;0.00;0.00;;;;;;;2024-09-09;
223;29;WARELOG;41650.49;2024;2024-08-28;2024-08-20;1789.00;1;1;FRWDMI17028;3;;2024-08-28;20;EXW;SEA_LCL;1789.00;0.00;0.00;;;;;;;2024-11-20;
224;73;UPS;747.97;2024;2024-08-29;2024-08-29;19.25;1;1;2024;3;;2024-08-30;19;DDP;AIR;19.25;0.00;0.00;;;;;;;2024-09-03;
225;50;"SENT BY SUPPLIER";17228.29;2024;2024-08-29;2024-08-29;1.00;1;1;2024;3;;2024-08-29;21;DDP;LAND;0.00;0.00;0.00;;;;;;;2024-09-04;
226;61;"SENT BY SUPPLIER";4744.28;2024;2024-08-29;2024-08-29;1.00;2;2;2024;3;;2024-08-29;21;EXW;LAND;0.00;0.00;0.00;;;;;;;2024-09-06;
227;27;"SENT BY SUPPLIER";6002.79;2024;2024-08-30;2024-08-30;1.00;1;1;2024;3;;2024-08-30;21;DDP;LAND;0.00;0.00;0.00;;;;;;;2024-09-05;
228;33;DPD;3190.88;2024;2024-09-02;2024-09-02;15.72;2;2;2024;3;;2024-09-02;5;EXW;LAND;15.72;0.00;0.00;;;;;;;2024-09-06;
229;50;"SENT BY SUPPLIER";11633.24;2024;2024-11-11;2024-11-27;1.00;2;2;2024;3;;2024-11-27;21;DDP;LAND;0.00;0.00;0.00;;;;;;;2024-11-28;
230;80;DPD;2542.66;2024;2024-09-03;2024-09-04;1.00;0;0;2024;3;;2024-09-04;5;DDP;LAND;0.00;0.00;0.00;;;;;;;2024-09-19;
231;88;RHENUS;8846.91;2024;2024-09-04;2024-09-05;230.00;2;2;2024;3;;2024-09-05;13;EXW;LAND;230.00;0.00;0.00;;;;;;;2024-09-16;
232;73;"SENT BY SUPPLIER";2063.53;2024;2024-09-04;2024-09-05;1.00;1;1;2024;3;;2024-09-05;21;DDP;LAND;0.00;0.00;0.00;;;;;;;2024-09-19;
233;78;DPD;2279.46;2024;2024-09-04;2024-09-05;71.72;2;2;2024;3;;2024-09-05;5;EXW;LAND;71.72;0.00;0.00;;;;;;;2024-10-03;
234;49;"LUSO CARGO";33245.96;2024;2024-09-04;2024-09-05;347.90;1;1;2024;3;;2024-09-05;8;DDP;LAND;347.90;75.00;0.00;;;;;;;2024-09-20;
235;27;"SENT BY SUPPLIER";1384.19;2024;2024-09-09;2024-09-10;1.00;1;1;2024;3;;2024-09-10;21;DDP;LAND;0.00;0.00;0.00;;;;;;;2024-09-16;
236;24;"SENT BY SUPPLIER";13400.00;2024;2024-11-26;2024-11-26;1.00;2;2;2024;3;;2024-11-26;21;DDP;LAND;0.00;0.00;0.00;;;;;;;2024-12-11;
237;25;UPS;16774.01;2024;2024-09-12;2024-09-13;415.00;1;1;"""1Z72794R8636842723 1Z72794R8627235932";3;;2024-09-13;19;EXW;LAND;415.00;18.70;321.85;;;;;;;2024-09-18;
238;9;"LUSO CARGO";52724.33;2024;2024-09-13;2024-09-14;379.00;1;1;2024;3;;2024-09-15;8;EXW;LAND;379.00;75.00;0.00;;;;;;;2024-09-26;
239;1;GARLAND;11604.65;2024;2024-09-13;2024-09-14;243.50;1;1;2024;3;;2024-09-15;7;EXW;LAND;243.50;0.00;0.00;;;;;;;2024-09-27;
240;17;GARLAND;20782.62;2024;2024-09-13;2024-09-14;974.00;1;1;2024;3;;2024-09-15;7;EXW;LAND;974.00;0.00;727.39;;;;;;;2024-09-27;
241;91;GARLAND;13383.36;2024;2024-09-13;2024-09-14;243.50;1;1;2024;3;;2024-09-15;7;EXW;LAND;243.50;0.00;617.21;;;;;;;2024-09-27;
242;26;GARLAND;17508.60;2024;2024-09-13;2024-09-14;487.00;1;1;2024;3;;2024-09-15;7;EXW;LAND;487.00;0.00;0.00;;;;;;;2024-09-27;
243;50;"SENT BY SUPPLIER";1383.18;2024;2024-07-07;2024-07-07;1.00;2;2;2024;3;;2024-07-07;21;EXW;LAND;0.00;0.00;0.00;;;;;;;2024-07-10;
244;27;UPS;2373.46;2024;2024-09-18;2024-09-19;2373.46;1;1;2024;3;;2024-09-19;19;DDP;LAND;0.00;0.00;0.00;;;;;;;2024-09-24;
245;99;"SENT BY SUPPLIER";29981.50;2024;2024-09-18;2024-09-18;1.00;2;0;2024;3;;2024-09-18;21;DDP;LAND;0.00;0.00;0.00;;;;;;;2024-10-01;
246;82;"SENT BY SUPPLIER";206.20;2024;2024-10-28;2024-10-28;1.00;1;1;2021;3;;2024-10-28;21;EXW;LAND;0.00;0.00;0.00;;;;;;;2024-10-30;
247;10;RHENUS;8310.80;2024;2024-09-20;2024-09-17;135.00;1;1;245455745;3;;2024-09-20;13;EXW;LAND;135.00;0.00;0.00;;;;;;;2024-09-27;
248;61;"SENT BY SUPPLIER";2980.00;2024;2024-09-20;2024-09-20;1.00;2;2;2024;3;;2024-09-21;21;DDP;LAND;0.00;0.00;0.00;;;;;;;2024-09-25;
249;73;"SENT BY SUPPLIER";7470.67;2024;2024-09-26;2024-09-27;1.00;2;2;2024;3;;2024-09-27;21;DDP;LAND;0.00;0.00;0.00;;;;;;;2024-10-01;
250;52;FEDEX;990.39;2024;2024-09-26;2024-09-26;10.82;1;1;2024;3;;2024-09-29;6;EXW;LAND;10.82;0.00;36.05;;;;;;;2024-10-22;
251;9;"SENT BY SUPPLIER";52794.27;2024;2024-10-01;2024-10-01;1.00;2;2;2024;3;;2024-10-01;21;DDP;LAND;0.00;0.00;0.00;;;;;;;2024-10-03;
252;27;"SENT BY SUPPLIER";16320.29;2024;2024-10-03;2024-10-03;1.00;2;2;2024;3;;2024-10-03;21;DDP;LAND;0.00;0.00;0.00;;;;;;;2024-10-10;
253;110;"SENT BY SUPPLIER";5208.19;2024;2024-10-03;2024-10-04;1.00;2;2;2024;3;;2024-10-05;21;DDP;LAND;0.00;0.00;0.00;;;;;;;2024-10-21;
254;17;"AM TRANSITÁRIOS";21179.32;2024;2024-10-01;2024-10-01;709.08;1;1;2024;3;;2024-10-03;3;EXW;LAND;709.08;22.50;830.18;;;;;;;2024-10-10;
255;13;"AM TRANSITÁRIOS";47834.40;2024;2024-10-04;2024-10-04;531.81;1;1;2024;3;;2024-10-05;3;EXW;LAND;531.81;22.50;0.00;;;;;;;2024-10-10;
256;1;"AM TRANSITÁRIOS";17183.46;2024;2024-10-04;2024-10-04;354.54;1;1;2024;3;;2024-10-05;3;EXW;LAND;354.54;22.50;0.00;;;;;;;2024-10-10;
257;26;"AM TRANSITÁRIOS";21940.97;2024;2024-10-04;2024-10-04;354.54;1;1;2024;3;;2024-10-05;3;EXW;LAND;354.54;22.50;0.00;;;;;;;2024-10-10;
258;108;NIPPON;10245.30;2024;2024-12-02;2024-12-02;997.16;1;1;2024;3;;2024-12-13;12;FCA;SEA_LCL;997.16;0.00;0.00;;;;;;;2025-02-27;
259;113;NIPPON;14918.96;2024;2024-10-06;2024-10-08;1270.00;1;1;2024;3;;2024-10-16;12;EXW;LAND;1270.00;0.00;0.00;;;;;;;2024-12-11;
260;37;TORRESTIR;18825.05;2024;2024-11-19;2024-11-19;140.00;2;2;2024;3;;2024-11-19;17;DDP;LAND;140.00;0.00;0.00;;;;;;;2024-11-28;
261;27;"SENT BY SUPPLIER";1921.76;2024;2024-10-04;2024-10-04;1.00;2;2;2024;3;;2024-10-04;21;DDP;LAND;0.00;0.00;0.00;;;;;;;2024-10-10;
262;49;"SENT BY SUPPLIER";41696.29;2024;2024-11-18;2024-10-18;1.00;2;2;2024;3;;2024-10-18;21;DDP;LAND;0.00;0.00;0.00;;;;;;;2024-12-05;
263;13;TORRESTIR;46557.60;2024;2024-10-11;2024-10-12;466.70;0;0;2024;3;;2024-10-12;17;EXW;LAND;466.70;135.00;0.00;;;;;;;2024-10-18;
264;49;UPS;413.00;2024;2024-11-05;2024-11-05;66.17;1;1;2024;3;;2024-11-06;19;EXW;LAND;66.17;;0.00;;;;;;;2024-11-13;
265;88;TORRESTIR;7728.86;2024;2024-10-14;2024-10-14;125.00;1;1;2024;3;;2024-10-16;17;DDP;LAND;0.00;0.00;0.00;;;;;;;2024-10-22;
266;50;"SENT BY SUPPLIER";15584.39;2024;2024-09-18;2024-09-18;1.00;2;2;2024;3;;2024-09-18;21;DDP;LAND;0.00;0.00;0.00;;;;;;;2024-09-20;
267;61;"SENT BY SUPPLIER";2362.48;2024;2024-10-21;2024-10-21;1.00;2;2;2024;3;;2024-10-21;21;DDP;LAND;0.00;0.00;0.00;;;;;;;2024-10-23;
268;29;"ABREU LOGISTICS";47160.77;2024;2024-10-23;2024-10-24;1720.00;1;1;2024;3;;2024-10-30;1;EXW;LAND;1720.00;65.00;0.00;;;;;;;2025-01-16;
269;114;NIPPON;30849.58;2024;2024-10-24;2024-10-27;1948.28;1;1;2024;3;;2024-11-08;12;EXW;SEA_LCL;1948.28;90.00;0.00;;;;;;;2025-01-21;
270;82;DPD;1272.32;2024;2024-10-25;2024-10-25;37.56;2;2;2024;3;;2024-10-26;5;EXW;LAND;37.56;0.00;0.00;;;;;;;2024-10-30;
271;17;"SENT BY SUPPLIER";6062.59;2024;2024-12-26;2024-12-26;1.00;2;2;2024;3;;2024-12-26;21;EXW;LAND;0.00;0.00;212.19;;;;;;;2025-01-03;
272;73;"SENT BY SUPPLIER";163.51;2024;2024-10-31;2024-10-31;1.00;1;1;2024;3;;2024-10-31;21;EXW;LAND;1.00;0.00;0.00;2025-04-03;;;;;;2024-11-05;
273;66;UPS;6960.30;0090340-IN;2025-03-20;2025-03-20;498.39;2;1;1z3776716790753177;3;;2025-03-21;19;EXW;AIR;304.19;18.70;175.50;;;;;;;2025-03-25;"Envio do fornecedor na nossa conta UPS- Pagamos 304.19€ por frete, valor declarado, combustível e despacho. (251/027802)"
274;13;TNT;34168.20;INV-20610;2025-03-25;2025-03-26;569.12;1;1;122312135;3;;2025-03-27;16;EXW;LAND;569.12;5.00;0.00;2025-04-03;;;;;;2025-04-03;"LIS 874557
122312135

FT6454798 + 6457833"
275;24;"SENT BY SUPPLIER";8825.00;2024;2024-09-11;2024-09-11;1.00;2;2;2024;3;;2024-09-11;21;DDP;LAND;0.00;0.00;0.00;;;;;;;2024-09-12;
276;61;"SENT BY SUPPLIER";3642.43;2024;2024-12-22;2024-12-22;1.00;1;1;2024;3;;2024-12-22;21;DDP;LAND;1.00;;;2024-10-23;;;;;;2024-12-23;
277;9;"SENT BY SUPPLIER";82384.95;2024;2024-12-16;2024-12-16;1.00;1;1;2024;3;;2024-12-16;21;DAP;LAND;1.00;0.00;0.00;;;;;;;2024-12-30;
278;66;FEDEX;14711.89;2024;2024-10-31;2024-10-31;839.34;1;1;2024;3;;2024-10-03;6;EXW;LAND;243.50;0.00;409.39;;;;;;;2024-11-06;
279;17;DHL;9215.28;2024;2024-11-30;2024-11-30;574.90;1;1;2024;3;;2024-11-20;22;EXW;LAND;1.00;187.00;387.90;;;;;;;2024-12-04;
280;50;"SENT BY SUPPLIER";6064.72;2024;2024-12-19;2024-12-19;1.00;1;1;2024;3;;2024-12-19;21;EXW;LAND;1.00;0.00;;;;;;;;2024-12-20;
281;73;"SENT BY SUPPLIER";3556.81;2024;2024-10-30;2024-10-30;1.00;1;1;2024;3;;2024-10-30;21;DDP;LAND;1.00;0.00;0.00;;;;;;;2024-11-06;
282;50;"SENT BY SUPPLIER";10500.63;2024;2024-10-21;2024-10-21;1.00;2;2;2024;3;;2024-10-21;21;DDP;LAND;0.00;0.00;0.00;;;;;;;2024-10-23;
283;27;"SENT BY SUPPLIER";2373.46;2024;2024-09-18;2024-09-18;1.00;2;2;2024;3;;2024-09-18;21;DDP;LAND;0.00;0.00;0.00;;;;;;;2024-09-24;
284;99;"SENT BY SUPPLIER";2288.17;2024;2024-12-16;2024-12-16;1.00;1;1;2024;3;;2024-12-16;21;DDP;LAND;0.00;0.00;0.00;;;;;;;2024-12-30;
285;82;TORRESTIR;3754.11;2024;2024-09-20;2024-09-21;91.70;1;1;2024;3;;2024-09-22;17;EXW;LAND;91.70;0.00;0.00;;;;;;;2024-09-26;
286;77;DBSCHENKER;8792.57;2024;2024-11-01;2024-11-01;1192.24;1;1;2024;3;;2024-11-03;4;EXW;LAND;741.00;95.00;356.24;;;;;;;2025-01-14;
287;61;"SENT BY SUPPLIER";3290.11;2024;2024-11-18;2024-11-18;1.00;2;2;2024;3;;2024-11-18;21;DDP;LAND;0.00;0.00;0.00;;;;;;;2024-11-20;
288;73;"SENT BY SUPPLIER";2175.78;2024;2024-06-08;2024-06-08;19.25;2;2;2024;3;;2024-06-08;21;EXW;LAND;19.25;0.00;0.00;;;;;;;2024-06-11;
289;83;"SENT BY SUPPLIER";758.18;2024;2024-11-05;2024-11-05;17.90;1;1;2024;3;;2024-11-05;21;EXW;LAND;17.90;0.00;0.00;;;;;;;2024-11-07;
290;17;"SENT BY SUPPLIER";6743.47;2024;2024-08-01;2024-08-01;1.00;1;1;2024;3;;2024-10-23;21;DDP;LAND;0.00;0.00;0.00;;;;;;;2024-08-22;
291;27;"SENT BY SUPPLIER";3671.99;2024;2024-12-27;2024-12-27;1.00;2;2;2024;3;;2024-12-27;21;DDP;LAND;0.00;0.00;0.00;;;;;;;2024-12-30;
292;88;TORRESTIR;7681.07;2024;2024-11-14;2024-11-14;145.00;2;2;2024;3;;2024-11-14;17;DDP;LAND;145.00;0.00;0.00;;;;;;;2024-11-22;
293;29;RHENUS;42493.55;2024;2024-11-21;2024-12-03;2737.00;1;1;2024;3;;2024-12-04;13;EXW;LAND;2672.95;65.00;0.00;;;;;;;2025-03-17;
294;62;"AM TRANSITÁRIOS";9743.21;2024;2024-11-13;2024-11-13;235.00;1;1;2024;3;;2024-11-13;3;EXW;LAND;190.00;45.00;;;;;;;;2024-11-18;
295;13;"AM TRANSITÁRIOS";92703.00;2024;2024-11-13;2024-11-13;995.00;1;1;2024;3;;2024-11-13;3;EXW;LAND;950.00;45.00;0.00;;;;;;;2024-11-18;
296;1;"AM TRANSITÁRIOS";21311.22;2024;2024-10-29;2024-11-29;609.05;1;1;2024;3;;2024-11-29;3;EXW;LAND;519.05;90.00;0.00;;;;;;;2024-12-12;
297;80;DPD;4419.62;2024;2024-11-06;2024-11-06;377.04;1;1;2024;3;;2024-11-06;5;EXW;LAND;0.00;0.00;0.00;;;;;;;2024-11-11;
298;108;NIPPON;19123.10;2024;2024-09-27;2024-10-07;1807.00;1;1;OSACRZ39756;3;;2024-10-06;12;FCA;LAND;1807.00;0.00;0.00;;;;;;;2024-12-12;
299;52;DBSCHENKER;20139.03;2024;2024-11-08;2024-11-08;1631.81;1;1;2024;3;;2024-11-09;4;EXW;SEA_LCL;924.51;0.00;707.30;;;;;;;2024-11-27;
300;23;"ABREU LOGISTICS";18377.28;2024;2024-11-21;2024-11-21;1512.21;1;1;2024;3;;2024-11-21;1;DDP;LAND;854.83;65.00;596.38;;;;;;;2025-02-12;
301;27;"SENT BY SUPPLIER";1921.76;2024;2024-10-07;2024-10-07;1.00;2;2;2024;3;;2024-10-07;21;DDP;LAND;0.00;0.00;0.00;;;;;;;2024-10-14;
302;9;"SENT BY SUPPLIER";7190.00;2024;2024-11-26;2024-11-26;1.00;1;1;2024;3;;2024-11-26;21;DDP;AIR;0.00;0.00;0.00;;;;;;;2024-12-04;
303;27;"SENT BY SUPPLIER";46557.60;2024;2024-11-11;2024-11-11;1.00;1;1;2024;3;;2024-11-11;21;EXW;LAND;1.00;0.00;0.00;;;;;;;2024-11-15;
304;49;UPS;589.66;2024;2024-10-11;2024-10-11;66.83;1;1;2024;3;;2024-10-11;19;EXW;LAND;49.03;17.80;0.00;;;;;;;2024-10-18;
305;18;"AM TRANSITÁRIOS";14747.98;2024;2024-11-29;2024-11-29;439.80;1;1;2024;3;;2024-11-29;3;EXW;LAND;349.80;90.00;0.00;;;;;;;2024-12-12;
306;17;UPS;1021.35;SO34596;2025-03-26;2025-03-27;57.27;0;1;1Z72794R9105337498;3;;2025-03-28;19;EXW;LAND;42.70;26.80;32.85;2025-04-04;2025-05-04;2025-04-03;2025-04-01;;;2025-04-04;FT38441
307;73;"SENT BY SUPPLIER";4907.85;F11746;2025-03-24;2025-03-24;1.00;2;1;0;3;;2025-03-24;21;DDP;LAND;0.00;0.00;0.00;;;;;;;2025-03-26;RWB/200325
308;97;MAERSK;108668.47;"32725, HOL/130225, HOL/280225";2025-04-07;2025-03-27;5636.26;1;1;252015211;3;;2025-04-10;9;EXW;SEA_LCL;2280.95;100.00;3255.31;2025-06-23;2025-06-20;2025-06-16;2024-04-16;;;2025-06-23;"G2SW4QYNCZC ENTREGA SOLICITADA"
309;115;UPS;1358.00;1009;2025-03-27;2025-03-27;90.90;1;1;"1Z72794R8610254014/ 29GGQ9IL1EB";3;;2025-03-27;19;EXW;AIR;73.18;26.80;32.37;2025-04-04;2024-04-03;2025-04-04;2025-04-01;;;2025-03-03;"VALUE IS 1358USD NOT 1503.82

FT38441 Alterado valor"
310;106;WARELOG;2024.00;31894.89;2024-10-25;2024-10-25;3690.00;1;1;2024;3;;2024-10-26;20;DAP;SEA_LCL;3690.00;0.00;0.00;;;;;;;2025-01-03;
311;63;"SENT BY SUPPLIER";17143.08;2024;2024-10-25;2024-10-25;1.00;2;2;2024;3;;2024-10-25;21;DAP;AIR;1.00;0.00;647.02;;;;;;;2024-10-30;
312;48;DBSCHENKER;23438.75;2024;2024-11-11;2024-11-11;2220.90;1;1;2024;3;;2024-11-18;4;EXW;SEA_LCL;1714.51;65.00;441.39;;;;;;;2025-02-03;
313;111;SPEDYCARGO;74926.08;2024;2024-11-13;2024-11-13;1.00;1;1;2024;3;;2024-11-13;15;DAP;LAND;0.00;0.00;3302.04;;;;;;;2025-01-22;
314;111;TNT;1568.61;2024;2024-11-29;2024-11-29;622.43;0;0;2024;3;;2024-11-29;16;EXW;AIR;524.40;0.00;98.03;;;;;;;2024-12-03;
315;111;UPS;1594.42;2024;2024-12-23;2024-12-23;714.19;1;1;2024;3;;2024-12-23;19;EXW;AIR;531.18;17.80;165.21;;;;;;;2024-12-30;
316;25;UPS;22022.51;2024;2025-01-24;2025-01-25;844.29;1;1;1Z72794R8620957415;3;;2025-01-25;19;EXW;AIR;432.01;17.80;394.48;;;;;;;2025-02-03;
317;81;TORRESTIR;12762.25;2024;2024-11-14;2024-11-14;295.00;1;1;2024;3;;2024-11-15;17;EXW;LAND;295.00;0.00;0.00;;;;;;;2024-11-21;
318;81;GARLAND;6248.14;2024;2024-12-17;2024-11-17;230.00;1;1;2024;3;;2024-11-18;7;EXW;LAND;230.00;0.00;0.00;;;;;;;2024-12-27;
319;62;TORRESTIR;8586.30;SO-53914;2025-03-31;2025-04-08;210.00;1;1;UK;3;;2025-04-11;17;EXW;LAND;160.00;50.00;0.00;2025-04-21;;;;;;2025-04-21;"sales@itgairfilters.com
Siskin Drive, Coventry, CV3 4FJ
UK 44-2476305386 ExWorks"
320;49;UPS;974.00;145392;2025-03-27;2025-03-28;105.17;1;1;1Z72794R9120163110;3;;2025-03-28;19;EXW;LAND;220.74;26.80;0.00;2025-04-09;2025-04-08;2025-04-04;2025-04-01;;;2025-04-09;"29B2SGOG8M7

FT38441_Valor alterado e reclamado!"
321;56;UPS;2084.88;2024;2024-11-27;2024-11-27;276.60;1;1;2024;3;;2024-11-27;19;EXW;AIR;199.34;18.70;58.26;;;;;;;2024-11-28;
322;56;UPS;3432.99;2024;2024-12-24;2024-12-24;542.90;1;1;2024;3;;2024-12-25;19;EXW;AIR;421.24;17.80;103.86;;;;;;;2024-12-30;
323;80;DPD;2068.97;2024;2024-07-17;2024-07-17;14.03;2;2;2024;3;;2024-07-17;5;EXW;LAND;14.03;0.00;0.00;;;;;;;2024-07-24;
324;80;DPD;2159.52;2024;2024-12-04;2024-12-04;10.67;2;2;2024;3;;2024-12-04;5;DDP;LAND;10.67;0.00;0.00;;;;;;;2024-12-12;
325;20;UPS;5539.64;2024;2024-12-31;2024-12-31;673.20;1;1;2024;3;;2024-12-31;19;EXW;LAND;655.40;17.80;0.00;;;;;;;2025-01-06;
326;73;UPS;5205.22;2024;2024-08-10;2024-08-10;19.25;2;2;2024;3;;2024-08-10;19;DDP;LAND;19.25;0.00;0.00;;;;;;;2024-08-13;
327;73;UPS;458.56;2024;2024-08-14;2024-08-14;19.25;2;2;2024;3;;2024-08-14;19;DDP;LAND;19.25;0.00;0.00;;;;;;;2024-08-20;
328;73;"SENT BY SUPPLIER";92.40;2024;2024-10-07;2024-10-07;1.00;2;2;2024;3;;2024-10-07;21;DDP;LAND;0.00;0.00;0.00;;;;;;;2024-10-10;
329;73;"SENT BY SUPPLIER";6655.94;2024;2024-10-10;2024-10-10;1.00;2;2;2024;3;;2024-10-10;21;DDP;LAND;0.00;0.00;0.00;;;;;;;2024-10-15;
330;73;"SENT BY SUPPLIER";9503.56;2024;2024-12-02;2024-12-02;1.00;2;2;2024;3;;2024-12-02;21;EXW;LAND;0.00;0.00;0.00;;;;;;;2024-12-05;
331;73;"SENT BY SUPPLIER";450.48;2024;2024-12-12;2024-12-12;1.00;2;2;2024;3;;2024-12-12;21;EXW;LAND;0.00;0.00;0.00;;;;;;;2024-12-17;
332;33;DPD;8953.19;2024;2024-12-05;2024-12-09;62.88;1;1;2024;3;;2024-12-09;5;EXW;LAND;62.88;0.00;0.00;;;;;;;2024-12-09;
333;82;TORRESTIR;2792.49;2024;2024-12-01;2024-12-04;110.00;2;2;2024;3;;2024-12-04;17;EXW;LAND;110.00;0.00;0.00;;;;;;;2024-12-09;
334;78;DPD;813.46;2024;2024-12-27;2024-12-27;29.71;2;2;2024;3;;2024-12-27;5;EXW;LAND;29.71;0.00;0.00;;;;;;;2025-01-03;
335;27;"SENT BY SUPPLIER";8206.43;98060802;2025-03-25;2025-03-25;1.00;2;1;0;3;;2025-03-25;21;DDP;LAND;0.00;0.00;0.00;2025-03-27;;;;;;2025-03-28;
336;81;TORRESTIR;4685.43;VARIOUS;2025-03-31;2025-04-01;200.00;2;2;R336;3;;2025-04-03;17;EXW;LAND;200.00;0.00;0.00;2025-04-10;;;;;;2025-04-09;"Note for stacking small pallet on largest"
337;26;TORRESTIR;28048.96;144464+143876+143912+145352;2025-04-04;2025-04-08;1.00;1;1;UK;3;;2025-04-11;17;EXW;LAND;410.00;50.00;0.00;2025-04-28;2025-04-21;;;;;2025-04-28;"Valor Gbp"
338;77;UPS;1771.31;ID/240325;2025-04-02;2025-04-02;86.99;2;2;"1Z72794R8606008280 / 294358PA70L";3;;2025-04-03;19;EXW;LAND;19.39;26.80;49.83;2025-04-11;2025-04-08;2025-04-08;;;;2025-04-10;"FT38441
Valor alterado"
339;10;TORRESTIR;4571.20;F20250932/0871;2025-04-02;2025-04-03;103.00;2;0;N;3;;2025-04-07;17;EXW;LAND;103.00;0.00;0.00;2025-04-14;;;;;;2025-04-14;"Opening hours for collection:
05.30 – 15.30hours"
340;91;TORRESTIR;14521.83;51000+50999+51001+50997+50998;2025-04-02;2025-04-08;737.56;1;1;UK;3;;2025-04-11;17;EXW;LAND;115.00;50.00;572.56;2025-04-23;2025-04-21;;;;;2025-04-23;
341;27;"SENT BY SUPPLIER";2962.50;98060948;2025-03-28;2025-03-28;1.00;2;1;N/A;3;;2025-03-28;21;DDP;LAND;0.00;0.00;0.00;;;;;;;2025-04-04;
342;1;TORRESTIR;26796.74;394369.724.458.187.605.;2025-03-06;2025-04-08;595.00;1;1;UK;3;;2025-04-11;17;EXW;LAND;545.00;50.00;0.00;2025-04-23;2025-04-21;;;;;2025-04-23;GBP
343;17;"SENT BY SUPPLIER";5101.44;INV10129455;2025-03-13;2025-03-13;1.00;2;1;880080516536;3;;2025-03-13;21;DDP;SEA_LCL;0.00;0.00;0.00;;;;;;;2025-04-03;"2 PALETES"
344;9;"SENT BY SUPPLIER";55626.08;PSI00106516;2025-03-20;2025-03-24;1.00;2;1;N;3;;2025-03-24;21;DDP;LAND;218.33;0.00;0.00;;;;;;;2025-04-02;GBP
345;88;TORRESTIR;9047.98;NL/FV#12942;2025-04-08;2025-04-09;162.18;2;1;"OZ PARTS 08.04.2025";3;;2025-04-14;17;EXW;LAND;162.18;0.00;0.00;2025-04-21;2025-04-15;;;;;2025-04-22;"Morada alterada atraso no picking

FT250010570"
346;116;UPS;2431.66;2025LPTD1;2025-04-01;2025-04-01;781.68;0;1;1Z72794R8627298991;3;;2025-04-02;19;EXW;AIR;736.33;26.80;118.72;2025-04-11;;;;;;2025-04-10;"FT38441
Valor alterado (medidas auditadas)"
347;33;DPD;4572.65;2025030055;2025-04-09;2025-04-10;84.34;0;0;X7QXOLQZY;3;;2025-04-11;5;EXW;LAND;49.74;0.00;0.00;2025-04-16;;;;;;2025-04-15;"3 turbos - ready
FT642841"
348;115;UPS;3975.81;1113;2025-04-10;2025-04-11;240.08;2;0;1Z72794R8635008707/29XH8CBDHP2;3;;2025-04-11;19;EXW;AIR;72.77;26.80;148.95;2025-04-21;2025-04-17;;;;;2025-04-21;"VALOR USD 4568.72

FT38441
Valor alterado"
349;13;FEDEX;23187.60;INV-20683;2025-04-14;2025-04-14;482.16;1;1;137613993;3;;2025-04-15;6;EXW;LAND;477.16;5.00;0.00;2025-04-24;2025-04-23;;;;;2025-04-23;"LIS 811232"
350;29;UPS;3152.35;242591;2025-04-15;2025-04-15;102.61;2;1;1Z72794R8603359497;3;;2025-04-15;19;EXW;AIR;102.11;;;2025-04-22;2025-04-23;2025-04-21;2025-04-17;;;2025-04-23;"In customs Portugal 21/04/2025
FT38441

Reclamar 31€ de direitos NC4371"
352;80;DPD;5792.88;OKA/240325;2025-04-22;2025-04-22;24.21;2;1;05286000372814J;3;;2025-04-23;5;EXW;LAND;16.21;0.00;0.00;2025-04-28;;;;;;2025-04-29;FT642840
353;61;"SENT BY SUPPLIER";1974.19;F027235;2025-04-17;2025-04-17;1.00;0;1;N/A;3;;2025-04-17;21;DDP;LAND;0.00;0.00;0.00;;;;;;;2025-04-17;
354;27;"SENT BY SUPPLIER";13118.65;98061438;2025-04-14;2025-04-14;1.00;0;0;N/A;3;;2025-04-14;21;DDP;LAND;0.00;0.00;0.00;;;;;;;2025-04-17;
355;50;"SENT BY SUPPLIER";43995.54;32369388/32369387;2025-04-16;2025-04-16;1.00;0;1;N/A;3;;2025-04-16;21;DDP;LAND;0.00;0.00;0.00;;;;;;;2025-04-16;
356;73;"SENT BY SUPPLIER";859.80;25004717;2025-04-15;2025-04-15;1.00;0;1;N/A;3;;2025-04-15;21;DDP;LAND;0.00;0.00;0.00;;;;;;;2025-04-15;
357;73;"SENT BY SUPPLIER";483.00;25005067;2025-04-17;2025-04-17;1.00;2;1;N/A;3;;2025-04-17;21;DDP;LAND;0.00;0.00;0.00;;;;;;;2025-04-22;
358;49;UPS;1455.31;146256/146257/146258/146259;2025-04-23;2025-04-23;111.94;2;1;1Z72794R9131208962;3;;2025-04-28;19;EXW;LAND;93.24;18.70;0.00;2025-05-15;2025-05-12;2025-05-05;2025-04-30;;;2025-05-15;"29D49EK5ERJ

1Z72794R9136312572
1Z72794R9132686784
1Z72794R9135407598
1Z72794R9130511000

Anuladas:
1Z72794R9133740614 FT49031
1Z72794R9130318658
1Z72794R9132776436
1Z72794R9135053229
1Z72794R9126386244"
359;1;UPS;336.00;N/a;2025-04-23;2025-04-23;61.39;2;0;1Z72794R9116310281;3;;2025-04-24;19;EXW;LAND;36.23;27.70;0.00;2025-05-16;2025-05-15;2025-05-08;2025-05-05;2025-04-30;;2025-05-15;"29H42KL1JGB

1Z72794R9128611424 anulada

FT49031"
360;63;"SENT BY SUPPLIER";9355.89;DW-I026927;2025-03-19;2025-03-19;1.00;2;1;1ZRX11586747626049;3;;2025-03-19;21;DDP;AIR;0.00;18.70;275.45;;;;;;;2025-03-24;"9€ DESPACHANTE"
361;37;TORRESTIR;12908.65;R72673;2025-04-25;2025-04-28;100.00;2;0;TTRANS_280425_079853;3;;2025-04-29;17;EXW;LAND;100.00;0.00;0.00;2025-05-07;2025-03-07;;;;;2025-05-07;"STACKABLE

FT250010807"
362;111;UPS;2711.23;PTAL007;2025-04-28;2025-04-28;226.49;2;1;29W42MHIBME;3;;2025-04-29;19;EXW;AIR;278.82;27.70;98.45;2025-05-05;;;;;;2025-05-02;"1Z72794R8600254506

FT49031, 100*50*42
FT17527 drt"
363;99;TORRESTIR;15339.00;"JU000412 + JU000501";2025-05-01;2025-05-05;285.93;2;0;TTRANS_050525_080508;3;;2025-05-07;17;EXW;LAND;285.93;0.00;0.00;2025-05-14;2025-05-13;;;;;2025-05-14;FT2016
364;33;DPD;8307.35;2025040037;2025-05-05;2025-05-05;1.00;2;1;01865022527399;3;;2025-05-07;5;EXW;LAND;1.00;0.00;0.00;2025-05-13;;;;;;2025-05-12;"01865022527399 ; 01865022527398 ; 01865022527397 ; 01865022527396 ; 01865022527395

FT653440"
365;52;TORRESTIR;15230.52;ZUK49340/ZUK49339/ZUK49338;2025-05-07;2025-05-08;407.78;0;0;TTRANS_080525_080974;3;;2025-05-12;17;EXW;LAND;342.78;65.00;529.23;2025-05-23;2025-05-22;2025-05-20;;;;2025-05-23;"Fornecedor envia a carga para:
Europa Freight Corporation Ltd
Albion Road
Dartford DA15 PZ

12907.22gbp

FT1799 + 2160"
366;13;TNT;35319.60;INV-20815;2025-05-07;2025-05-07;600.11;1;1;155924351;3;;2025-05-08;16;EXW;LAND;600.11;6.00;0.00;2025-05-16;;;;;;2025-05-17;"Número da carta de porte
155924351
Número de reserva
LIS 848589

FT6497473"
367;49;"SENT BY SUPPLIER";30740.55;146411/146446/146445/146444/146414/146413/146412/1;2025-04-29;2025-04-29;65.00;2;1;N/A;3;;2025-04-29;21;FCA;LAND;70.00;65.00;0.00;;;;;;;2025-05-09;
368;97;DBSCHENKER;7427.18;H705813325/H705844942;2025-03-26;2025-05-12;830.00;1;1;OPOAI250014801;3;;2025-05-12;4;EXW;AIR;765.00;65.00;314.25;2025-05-27;2025-05-26;;;;;2025-05-27;FT180071188
369;50;"SENT BY SUPPLIER";143.76;32419959;2025-05-08;2025-05-08;1.00;2;1;N/A;3;;2025-05-08;21;DDP;LAND;0.00;0.00;0.00;;;;;;;2025-05-12;"ifr7x8g=12 unidades"
370;61;"SENT BY SUPPLIER";2658.28;F027482;2025-05-08;2025-05-08;1.00;2;1;N/A;3;;2025-05-08;21;DDP;LAND;0.00;0.00;0.00;;;;;;;2025-05-12;
371;82;TORRESTIR;3644.44;"INV/2025/00911 /INV/2025/00917";2025-05-16;2025-05-19;85.00;0;1;TTRANS_190525_082373;3;;2025-05-20;17;EXW;LAND;85.00;0.00;0.00;2025-05-26;;;;;;2025-05-27;
372;13;FEDEX;71727.00;INV-20964;2025-05-20;2025-05-20;1110.06;0;0;166352765;3;;2025-05-21;6;EXW;LAND;1102.06;8.00;0.00;2025-05-29;;;;;;2025-05-28;"14.5€ POR CAIXA

FT6509398 + 6511449"
375;110;"SENT BY SUPPLIER";10352.09;1517478/1517480/1517482/152683/152689/1532134/1532;2025-05-09;2025-05-09;1.00;2;1;NAGEL;3;;2025-05-09;21;DDP;LAND;66.99;80.00;0.00;;;;;;;2025-05-21;"TAXAS ADICIONAIS"
376;49;UPS;1462.21;147326/147327/147328;2025-05-22;2025-05-22;90.98;0;0;"1Z72794R9102053308/ 1Z72794R9106578315/ 1Z72794R9112607923";3;;2025-05-23;19;EXW;LAND;72.28;18.70;0.00;2025-06-06;2025-06-05;2025-05-29;;;;2025-06-06;"2994QFE23N4

FT60045"
377;73;"SENT BY SUPPLIER";3493.34;25006367;2025-05-19;2025-05-19;1.00;2;2;N/A;3;;2025-05-19;21;DDP;LAND;0.00;0.00;0.00;;;;;;;2025-05-22;
378;27;"SENT BY SUPPLIER";13118.65;90324736;2025-05-26;2025-05-26;1.00;0;1;N/A;3;;2025-05-26;21;DDP;LAND;0.00;0.00;0.00;;;;;;;2025-05-26;
379;1;UPS;732.99;"#446741 + 449601- FO/200525-1 EXPRESS";2025-05-28;2025-05-28;45.93;2;1;1Z72794R9120178202;3;;2025-05-29;19;EXW;LAND;27.23;18.70;0.00;2025-06-06;2025-06-05;;;;;2025-06-06;"298IQ56HE40
FT60045"
380;17;"SENT BY SUPPLIER";56348.77;SO43760;2025-04-03;2025-04-03;290.00;1;1;10878390;3;;2025-04-03;21;DAP;SEA_LCL;4478.65;65.00;1778.68;2025-07-11;2025-07-10;2025-07-07;2025-07-04;2025-06-27;2025-06-20;2025-07-11;"CHEGADA DIA 15 A LISBOA
290€ ENTREGA DE LISBOA A VALENÇA
Crédito de Mishimoto de 4188.65€"
381;9;"SENT BY SUPPLIER";66831.75;107267;2025-05-13;2025-05-13;1.00;2;1;N/A;3;;2025-05-13;21;DDP;LAND;0.00;0.00;0.00;;;;;;;2025-05-29;
382;88;TORRESTIR;8277.66;NL/PRO#136795;2025-05-30;2025-06-02;119.00;0;0;TTRANS_020625_084221;3;;2025-06-05;17;EXW;LAND;119.00;0.00;0.00;2025-06-12;2025-06-12;2025-06-09;;;;2025-06-11;FT250015202
383;25;UPS;15022.15;362173;2025-06-02;2025-06-03;643.66;2;1;1Z72794R8634363709/1Z72794R8625387719;3;;2025-06-03;19;EXW;AIR;367.56;18.70;257.40;2025-06-09;;;;;;2025-06-05;"C/ seguro
FT60045
29Z59NKH46N"
384;68;DHL;12548.84;48743;2025-06-06;2025-06-04;711.66;2;1;"SPOT_LIS_19719/ G032181";3;;2025-06-23;22;EXW;AIR;646.66;65.00;442.81;2025-07-11;2025-07-10;2025-07-09;2025-07-08;2025-07-04;2025-06-30;2025-07-11;"COTAÇÃO SOLICITADA AEREO E MARITIMO

FT7721"
385;66;UPS;3587.98;0091719-in;2025-05-28;2025-05-28;285.76;0;0;1Z3776710492082355;3;;2025-05-28;19;EXW;AIR;131.39;18.70;135.67;;;;;;;2025-06-02;FT60044
386;50;"SENT BY SUPPLIER";31980.97;32433140;2025-06-02;2025-06-02;1.00;2;1;N/A;3;;2025-06-02;21;DDP;LAND;0.00;0.00;0.00;;;;;;;2025-06-03;
387;111;UPS;2729.00;PTAL008+PTAL009;2025-06-02;2025-06-04;632.76;0;0;1Z72794R8615635326;3;;2025-06-06;19;EXW;AIR;494.66;18.70;119.40;2025-06-20;2025-06-18;2025-06-16;2025-06-09;;;2025-06-20;"FT24886 drt
FT60045"
388;26;UPS;181.39;147207;2025-06-10;2025-06-04;68.21;2;1;1Z72794R9107889531;3;;2025-06-05;19;EXW;LAND;45.21;23.00;0.00;2025-06-16;;;;;;2025-06-13;"29V5AHSHDI5
2925CG40EHS
Direitos reclamados 24.92€

FT60045"
390;112;TORRESTIR;11200.00;45601/741;2025-06-04;2025-06-04;110.00;0;1;TTRANS_050625_084637;3;;2025-06-06;17;EXW;LAND;110.00;0.00;0.00;2025-06-17;2025-06-16;;;;;2025-06-17;Ft250014531
391;27;"SENT BY SUPPLIER";4882.95;98062864;2025-05-28;2025-05-28;1.00;0;1;N/A;3;;2025-05-28;21;DDP;LAND;0.00;0.00;0.00;;;;;;;2025-06-04;
392;61;"SENT BY SUPPLIER";2658.28;F027482;2025-06-02;2024-06-02;1.00;2;1;N/A;3;;2025-06-02;21;DDP;LAND;0.00;0.00;0.00;;;;;;;2025-06-04;
393;80;DPD;4833.66;i100103104/i100102871;2025-06-06;2025-06-05;24.51;2;0;052860003949987;3;;2025-06-06;5;EXW;LAND;24.51;0.00;0.00;2025-06-12;;;;;;2025-06-12;FT663957
394;49;"SENT BY SUPPLIER";33599.65;Varias;2025-05-27;2025-05-27;1.00;0;0;N/A;3;;2025-05-27;21;DDP;LAND;70.00;65.00;0.00;;;;;;;2025-06-05;"70 honorarios tetir"
395;110;"SENT BY SUPPLIER";3290.95;"1541919 1542175";2025-06-06;2025-06-06;1.00;1;1;N/A;3;;2025-06-06;21;DDP;LAND;0.00;0.00;0.00;2025-07-14;2025-07-11;2025-07-10;2025-07-03;2025-06-27;2025-06-24;2025-07-14;dachser
396;81;TORRESTIR;12084.55;91025838/39;2025-06-12;2025-06-12;279.11;0;1;SPOT_LIS_19750;3;;2025-06-13;17;EXW;LAND;279.11;0.00;0.00;2025-06-20;;;;;;2025-06-18;FT250014749
397;66;UPS;1463.50;0092036-in;2025-06-12;2025-06-12;140.91;0;0;1Z3776710499742156;3;;2025-06-12;19;EXW;AIR;81.10;18.70;41.11;2025-06-17;;;;;;2025-06-16;"Envio do fornecedor da conta ASD 
FT24247 drt
FT060044"
398;99;TORRESTIR;10462.00;ju000705/674/675/205;2025-06-16;2025-06-13;194.00;2;0;TTRANS_130625_085660;3;;2025-06-17;17;EXW;LAND;194.00;0.00;0.00;2025-06-24;2025-06-23;2025-06-20;;;;2025-06-24;
401;115;UPS;3341.06;1505;2025-06-16;2025-06-16;206.93;2;1;1Z72794R8601540981;3;;2025-06-17;19;EXW;AIR;82.07;18.70;106.16;2025-06-23;2025-06-20;;;;;2025-06-23;"UPS
FT060045"
402;61;"SENT BY SUPPLIER";2835.69;GOO/260525;2025-06-11;2025-06-11;1.00;0;0;N/A;3;;2025-06-11;21;DDP;LAND;0.00;0.00;0.00;;;;;;;2025-06-13;
404;27;"SENT BY SUPPLIER";4597.98;98063403;2025-06-10;2025-06-10;1.00;2;1;N/A;3;;2025-06-10;21;DDP;LAND;0.00;0.00;0.00;;;;;;;2025-06-16;
406;27;"SENT BY SUPPLIER";6333.84;98063435;2025-06-11;2025-06-11;1.00;2;1;N/A;3;;2025-06-11;21;DDP;LAND;0.00;0.00;0.00;;;;;;;2025-06-17;
407;83;"SENT BY SUPPLIER";554.01;1658310/3761111/2597504;2025-06-16;2025-06-16;5.60;2;1;N/A;3;;2025-06-16;21;EXW;LAND;5.60;0.00;0.00;;;;;;;2025-06-17;"3 faturas"
408;73;"SENT BY SUPPLIER";673.52;RWB/040625;2025-06-12;2025-06-12;1.00;2;1;N/A;3;;2025-06-12;21;DDP;LAND;0.00;0.00;0.00;;;;;;;2025-06-17;
409;27;"SENT BY SUPPLIER";2767.50;98063520;2025-06-12;2025-06-12;1.00;0;0;N/A;3;;2025-06-12;21;DDP;LAND;0.00;0.00;0.00;;;;;;;2025-06-18;
410;13;TNT;48935.85;INV-21151;2025-06-19;2025-06-20;777.75;1;1;189404868;3;;2025-06-20;16;EXW;LAND;769.75;8.00;0.00;2025-06-27;2025-06-30;;;;;2025-06-27;"48935.85

10€ + PORQUE SELECIONEI TRATAMENTO PRIORITÁRIO

FT6530898 + 6529228"
411;82;UPS;2791.87;INV/2025/02283.02282.02281.02280.02279.02278.02277;2025-06-20;2025-06-20;82.27;0;0;1Z72794R9119271550;3;;2025-05-23;19;EXW;LAND;82.27;0.00;0.00;2025-06-30;2025-06-25;;;;;2025-06-30;"1Z72794R9104191567/1Z72794R9112316176/1Z72794R9117761382/ 2925QFBBGR3

FT60045

29J61NO0IRP NOVA RECOLHA"
412;27;"SENT BY SUPPLIER";6213.75;98063491;2025-06-12;2025-06-12;1.00;2;1;N/A;3;;2025-06-12;21;DDP;LAND;0.00;0.00;0.00;;;;;;;2025-06-20;
413;9;"SENT BY SUPPLIER";39794.70;PSI00107694;2025-06-09;2025-06-09;1.00;2;1;N/A;3;;2025-06-09;21;DDP;LAND;0.00;0.00;0.00;;;;;;;2025-06-23;
414;27;"SENT BY SUPPLIER";3577.50;98063746/98063775;2025-06-18;2025-06-18;1.00;2;1;N/A;3;;2025-06-18;21;DDP;LAND;0.00;0.00;0.00;;;;;;;2025-06-23;
415;83;"SENT BY SUPPLIER";577.67;#MOT/220525;2025-06-23;2025-06-23;1.00;2;1;N/A;3;;2025-06-23;21;DDP;LAND;0.00;0.00;0.00;;;;;;;2025-05-23;
416;80;DPD;3880.18;#S180620250001+3;2025-06-24;2025-06-24;22.11;2;0;052860004037883;3;;2025-06-25;5;EXW;LAND;22.11;0.00;0.00;2025-07-01;;;;;;2025-07-01;FT663957
417;63;UPS;15427.41;DW-I029898;2025-06-24;2025-06-24;606.05;2;0;1ZRX11586748439277;3;;2025-06-24;19;EXW;AIR;0.00;27.70;578.35;2025-06-30;;;;;;2025-06-26;"1ZRX11586748439277
1ZRX11586748703294
1ZRX11586748589301
1ZRX11586748853284
1ZRX11586746861260

FT60044 (9€)
Falta frete"
418;117;"SENT BY SUPPLIER";7038.58;PI-RA25030401;2025-06-24;2025-06-24;1.00;2;2;1852620696;3;;2025-06-24;21;DDP;AIR;0.00;187.00;332.72;2025-07-04;;;;;;2025-07-04;"1852620696 DHL"
420;118;TORRESTIR;19877.70;52502079;2025-06-25;2025-06-25;235.00;0;0;TTRANS_250625_086689;3;;2025-06-27;17;EXW;LAND;235.00;0.00;0.00;2025-07-10;2025-07-09;2025-07-08;2025-07-07;2025-07-04;2025-07-04;2025-07-10;"COTAÇÃO SOLICITADA"
422;111;UPS;1456.50;PTAL010;2025-06-25;2025-06-25;155.97;2;1;1Z72794R8618720200;3;;2025-06-27;19;EXW;AIR;137.27;18.70;48.34;2025-07-04;;;;;;2025-06-30;"FT26281 drt"
423;81;TORRESTIR;7351.45;91030572+91030571;2025-07-01;2025-06-30;244.00;2;1;TTRANS_300625_087426;3;;2025-07-01;17;EXW;LAND;244.00;0.00;0.00;2025-07-10;2025-07-09;2025-07-08;;;;2025-07-10;
424;18;UPS;432.00;CN/order300625;2025-07-30;2025-07-02;69.99;1;1;1Z72794R9119286526;3;;2025-07-02;19;EXW;LAND;51.29;18.70;0.00;2025-07-11;;;;;;2025-07-11;"298K3BI6PSO RECOLHA SOLICITADA"
425;110;"SENT BY SUPPLIER";860.40;1546228;2025-06-25;2025-06-25;1.00;1;1;4482822982;3;;2025-06-25;21;DDP;LAND;0.00;0.00;0.00;2025-07-03;2025-07-02;;;;;2025-07-02;2025PT00002063733738+2025PT00002063733710
429;78;DPD;1559.83;20250701;2025-07-07;2025-07-04;47.60;2;2;N/A;3;;2025-07-07;5;EXW;LAND;47.60;0.00;0.00;2025-07-14;;;;;;2025-07-10;
430;49;"SENT BY SUPPLIER";36741.96;148692/693/694/695/696/697/698;2025-06-25;2025-06-25;1.00;2;1;N/A;3;;2025-06-25;21;DDP;LAND;70.00;65.00;0.00;;;;;;;2025-07-03;
431;27;"SENT BY SUPPLIER";7209.19;90329565;2025-06-24;2025-06-24;1.00;0;0;N/A;3;;2025-06-24;21;DDP;LAND;0.00;0.00;0.00;;;;;;;2025-07-04;"falta escape 7209.19"
432;99;DPD;115.00;pro-forma;2025-07-07;2025-07-07;24.85;2;2;13649700025960;3;;2025-07-08;5;EXW;LAND;24.85;0.00;0.00;2025-07-16;;;;;;2025-07-14;
434;73;"SENT BY SUPPLIER";439.01;"92517044 RWB/180525";2025-07-10;2025-07-10;1.00;2;2;N/A;3;;2025-07-10;21;EXW;LAND;0.00;0.00;0.00;;;;;;;2025-07-10;
