Acexxon,price,reference,Width,Height,Depth,Weight,name
Acexxon,76.95,T50-20-1,0,0,0,0,Acexxon Front Lip Protector Kit - Heavy Duty
Acexxon,71.95,T50-10-1,0,0,0,0,Acexxon Front Lip Protector Kit - Standard
Acexxon,95,R10-10-1,0,0,0,0,Acexxon Rear Reflector Insert Set - Honeycomb
Acexxon,149,R10-10-2,0,0,0,0,Acexxon Rear Reflector Insert Set - Honeycomb
Acexxon,95,R09-10-1,0,0,0,0,Acexxon Rear Reflector Insert Set - Honeycomb
Acexxon,149,R09-10-2,0,0,0,0,Acexxon Rear Reflector Insert Set - Honeycomb
Acexxon,95,R22-10-1,0,0,0,0,Acexxon Rear Reflector Insert Set - Honeycomb
Acexxon,149,R22-10-2,0,0,0,0,Acexxon Rear Reflector Insert Set - Honeycomb
Acexxon,95,R13-10-1,0,0,0,0,Acexxon Rear Reflector Insert Set - Honeycomb
Acexxon,149,R13-10-2,0,0,0,0,Acexxon Rear Reflector Insert Set - Honeycomb
Acexxon,119.95,R06-10-1,0,0,0,0,Acexxon Rear Reflector Insert Set - Honeycomb
Acexxon,149.95,R06-10-2,0,0,0,0,Acexxon Rear Reflector Insert Set - Honeycomb
Acexxon,120,R01-10-1,0,0,0,0,Acexxon Rear Reflector Insert Set - Honeycomb
Acexxon,195,R01-10-2,0,0,0,0,Acexxon Rear Reflector Insert Set - Honeycomb
Acexxon,120,R01-20-1,0,0,0,0,Acexxon Rear Reflector Insert Set - Horizontal Slat
Acexxon,195,R01-20-2,0,0,0,0,Acexxon Rear Reflector Insert Set - Horizontal Slat
Acexxon,95,R02-10-1,0,0,0,0,Acexxon Rear Reflector Insert Set - Honeycomb
Acexxon,149,R02-10-2,0,0,0,0,Acexxon Rear Reflector Insert Set - Honeycomb
Acexxon,95,R02-20-1,0,0,0,0,Acexxon Rear Reflector Insert Set - Horizontal Slat
Acexxon,149,R02-20-2,0,0,0,0,Acexxon Rear Reflector Insert Set - Horizontal Slat
Acexxon,120,R07-10-1,0,0,0,0,Acexxon Rear Reflector Insert Set - Honeycomb
Acexxon,139.95,R07-10-2,0,0,0,0,Acexxon Rear Reflector Insert Set - Honeycomb
Acexxon,159.95,R14-10-2,0,0,0,0,Acexxon Rear Reflector Insert Set - 3D Honeycomb
Acexxon,120,R11-10-1,0,0,0,0,Acexxon Rear Reflector Insert Set - Honeycomb
Acexxon,139.95,R11-10-2,0,0,0,0,Acexxon Rear Reflector Insert Set - Honeycomb
Acexxon,159.95,R15-10-2,0,0,0,0,Acexxon Rear Reflector Insert Set - Honeycomb
Acexxon,129.95,R21-10-2,0,0,0,0,Acexxon Rear Reflector Insert Set - Honeycomb
Acexxon,159.95,R17-10-2,0,0,0,0,Acexxon Rear Reflector Insert Set - Honeycomb
Acexxon,159.95,R17-20-2,0,0,0,0,Acexxon Rear Reflector Insert Set - Horizontal Slat
Acexxon,165.95,R29-10-2,0,0,0,0,Acexxon Rear Reflector Insert Set - Honeycomb
Acexxon,165.95,R29-20-2,0,0,0,0,Acexxon Rear Reflector Insert Set - Horizontal Slat
Acexxon,160.95,R30-20-2,0,0,0,0,Acexxon Rear Reflector Insert Set - Horizontal Slat
Acexxon,119.95,R08-40-1,0,0,0,0,Acexxon Rear Reflector Insert Set - Honeycomb
Acexxon,149.95,R08-40-2,0,0,0,0,Acexxon Rear Reflector Insert Set - Honeycomb
Acexxon,95,R16-10-1,0,0,0,0,Acexxon Rear Reflector Insert Set - Honeycomb
Acexxon,135,R16-10-2,0,0,0,0,Acexxon Rear Reflector Insert Set - Honeycomb
Acexxon,120,R12-10-1,0,0,0,0,Acexxon Rear Reflector Insert Set - Honeycomb
Acexxon,,R12-30-0,0,0,0,0,Acexxon Supra Front Fender Insert w/3M Adhesive
Acexxon,,R12-31-0,0,0,0,0,Acexxon Supra Rear Fender Insert w/3M Adhesive
Acexxon,79.95,R04-10-1,0,0,0,0,Acexxon Rear Reflector Insert Set - Honeycomb
Acexxon,119.9,R04-10-2,0,0,0,0,Acexxon Rear Reflector Insert Set - Honeycomb
Acexxon,79.95,R05-10-1,0,0,0,0,Acexxon Rear Reflector Insert Set - Honeycomb
Acexxon,119.9,R05-10-2,0,0,0,0,Acexxon Rear Reflector Insert Set - Honeycomb
Acexxon,79.95,R03-20-1,0,0,0,0,Acexxon Rear Reflector Insert Set - Diagonal Slat
Acexxon,119.9,R03-20-2,0,0,0,0,Acexxon Rear Reflector Insert Set - Diagonal Slat
Acexxon,79.95,R03-10-1,0,0,0,0,Acexxon Rear Reflector Insert Set - Honeycomb
Acexxon,119.9,R03-10-2,0,0,0,0,Acexxon Rear Reflector Insert Set - Honeycomb
Acexxon,79.95,R05-10-1,0,0,0,0,Acexxon Rear Reflector Insert Set - Honeycomb
Acexxon,119.9,R05-10-2,0,0,0,0,Acexxon Rear Reflector Insert Set - Honeycomb
Acexxon,79.95,R18-10-1,0,0,0,0,Acexxon Rear Reflector Insert Set - Honeycomb
Acexxon,119.9,R18-10-2,0,0,0,0,Acexxon Rear Reflector Insert Set - Honeycomb
Acexxon,120.000000,R01-10-1,0.000000,0.000000,0.000000,0.000000,F87 M2 ACEXXON REAR REFLECTOR INSERT SET - HONEYCOMB - MATTE BLACK
Acexxon,195.000000,R01-10-2,10.000000,4.000000,27.000000,0.100000,F87 M2 ACEXXON REAR REFLECTOR INSERT SET - HONEYCOMB - GLOSS BLACK
Acexxon,120.000000,R01-20-1,0.000000,0.000000,0.000000,0.000000,F87 M2 ACEXXON REAR REFLECTOR INSERT SET - HONEYCOMB - MATTE BLACK
Acexxon,195.000000,R01-20-2,0.000000,0.000000,0.000000,0.000000,F87 M2 ACEXXON REAR REAFLECTOR INSERT SET - HORIZONTAL SLAT - GLOSS BLACK
Acexxon,95.000000,R02-10-1,0.000000,0.000000,0.000000,0.000000,F8X M3 / M4 ACEXXON REAR REFLECTOR INSERT SET - HONEYCOMB - MATTE BLACK
Acexxon,149.000000,R02-10-2,10.000000,4.000000,27.000000,0.100000,F8X M3 / M4 ACEXXON REAR REFLECTOR INSERT SET - HONEYCOMB - GLOSS BLACK
Acexxon,95.000000,R02-20-1,0.000000,0.000000,0.000000,0.000000,F8X M3 / M4 ACEXXON REAR REFLECTOR INSERT SET - HORIZONTAL SLAT - MATTE BLACK
Acexxon,149.000000,R02-20-2,0.000000,0.000000,0.000000,0.000000,F8X M3 / M4 ACEXXON REAR REFLECTOR INSERT SET - HORIZONTAL SLAT - GLOSS BLACK
Acexxon,79.950000,R03-10-1,0.000000,0.000000,0.000000,0.000000,GOLF 7 R ACEXXON REAR REFLECTOR INSERT SET - HONEYCOMB - MATTE BLACK
Acexxon,119.900000,R03-10-2,31.000000,13.000000,5.000000,0.200000,GOLF 7 R ACEXXON REAR REFLECTOR INSERT SET - HONEYCOMB - GLOSS BLACK
Acexxon,79.950000,R03-20-1,0.000000,0.000000,0.000000,0.000000,GOLF 7 R ACEXXON REAR REFLECTOR INSERT SET - DIAGONAL SLAT - MATTE BLACK
Acexxon,119.900000,R03-20-2,0.000000,0.000000,0.000000,0.000000,GOLF 7  R ACEXXON REAR REFLECTOR INSERT SET - DIAGONAL SLAT - GLOSS BLACK
Acexxon,79.950000,R04-10-1,0.000000,0.000000,0.000000,0.000000,GOLF 7 GTI ACEXXON REAR REFLECTOR INSERT SET - HONEYCOMB - MATTE BLACK
Acexxon,119.900000,R04-10-2,36.000000,14.000000,5.000000,0.250000,GOLF 7 GTI ACEXXON REAR REFLECTOR INSERT SET - HONEYCOMB - GLOSS BLACK
Acexxon,79.950000,R05-10-1,0.000000,0.000000,0.000000,0.000000,GOLF 7.5 R / GTI ACEXXON REAR REFLECTOR INSERT SET - HONEYCOMB - MATTE BLACK
Acexxon,119.900000,R05-10-2,36.000000,15.000000,5.000000,0.220000,GOLF 7.5 R / GTI ACEXXON REAR REFLECTOR INSERT SET - HONEYCOMB - GLOSS BLACK
Acexxon,119.950000,R06-10-1,0.000000,0.000000,0.000000,0.000000,F85 X5M ACEXXON REAR REFLECTOR INSERT SET - HONEYCOMB - MATTE BLACK
Acexxon,149.950000,R06-10-2,27.000000,10.000000,4.000000,0.200000,F85 X5M ACEXXON REAR REFLECTOR INSERT SET - HONEYCOMB - GLOSS BLACK
Acexxon,120.000000,R07-10-1,0.000000,0.000000,0.000000,0.000000,F90 M5 ACEXXON REAR REFLECTOR INSERT SET - HONEYCOMB - MATTE BLACK
Acexxon,139.950000,R07-10-2,14.000000,6.000000,37.000000,0.200000,F90 M5 ACEXXON REAR REFLECTOR INSERT SET - HONEYCOMB - GLOSS BLACK
Acexxon,119.950000,R08-40-1,0.000000,0.000000,0.000000,0.000000,991 GT3 ACEXXON REAR REFLECTOR INSERT SET - HONEYCOMB - MATTE BLACK
Acexxon,149.950000,R08-40-2,31.000000,13.000000,5.000000,0.300000,992 GT3 ACEXXON REAR REFLECTOR INSERT SET - HONEYCOMB - GLOSS BLACK
Acexxon,95.000000,R09-10-1,0.000000,0.000000,0.000000,0.000000,B9 S5 ACEXXON REAR REFLECTOR INSERT SET - HONEYCOMB - MATTE BLACK
Acexxon,149.000000,R09-10-2,6.000000,31.000000,13.000000,0.200000,B9 S5 ACEXXON REAR REFLECTOR INSERT SET - HONEYCOMB - GLOSS BLACK
Acexxon,95.000000,R10-10-1,14.000000,8.000000,39.000000,0.250000,8V A3 / S3 / RS3 ACEXXON REAR REFLECTOR INSERT SET - HONEYCOMB - MATTE BLACK
Acexxon,149.000000,R10-10-2,14.000000,8.000000,39.000000,0.250000,8V A3 / S3 / RS3 ACEXXON REAR REFLECTOR INSERT SET - HONEYCOMB - GLOSS BLACK
Acexxon,120.000000,R11-10-1,0.000000,0.000000,0.000000,0.000000,F97 X3M - PRE LCI ACEXXON REAR REFLECTOR INSERT SET - HONEYCOMB - MATTE BLACK
Acexxon,139.950000,R11-10-2,31.000000,13.000000,5.000000,0.200000,F97 X3M - PRE LCI ACEXXON REAR REFLECTOR INSERT SET - HONEYCOMB - GLOSS BLACK
Acexxon,120.000000,R12-10-1,4.000000,10.000000,27.000000,0.100000,MK5 A90 Supra ACEXXON REAR REFLECTOR INSERT SET - HONEYCOMB - SATIN BLACK
Acexxon,60.810000,R12-30-0,0.000000,0.000000,0.000000,0.000000,MK5 A90 Supra ACEXXON SUPRA FRONT FENDER INSERT W/3M ADHESIVE - UNPAINTED
Acexxon,60.810000,R12-31-0,0.000000,0.000000,0.000000,0.000000,MK5 A90 Supra ACEXXON SUPRA FRONT FENDER INSERT W/3M ADHESIVE - UNPAINTED
Acexxon,95.000000,R13-10-1,0.000000,0.000000,0.000000,0.000000,F22 M-Sport ACEXXON REAR REFLECTOR INSERT SET - HONEYCOMB - MATTE BLACK
Acexxon,149.000000,R13-10-2,10.000000,27.000000,4.000000,0.100000,F22 M-Sport ACEXXON REAR REFLECTOR INSERT SET - HONEYCOMB - GLOSS BLACK
Acexxon,159.950000,R14-10-2,27.000000,10.000000,5.000000,0.200000,F95 X5M /F96 X6M ACEXXON REAR REFLECTOR INSERT SET - 3D HONEYCOMB - GLOSS BLACK
Acexxon,159.950000,R15-10-2,33.000000,18.000000,8.000000,0.300000,F9x M8 ACEXXON REAR REFLECTOR INSERT SET - HONEYCOMB - GLOSS BLACK
Acexxon,95.000000,R16-10-1,0.000000,0.000000,0.000000,0.000000,MODEL 3 ACEXXON REAR REFLECTOR INSERT SET - HONEYCOMB - SATIN BLACK
Acexxon,135.000000,R16-10-2,0.000000,0.000000,0.000000,0.000000,MODEL 4 ACEXXON REAR REFLECTOR INSERT SET - HONEYCOMB - GLOSS BLACK
Acexxon,159.950000,R17-10-2,27.000000,10.000000,4.000000,0.120000,G8X M3/M4 ACEXXON REAR REFLECTOR INSERT SET - HONEYCOMB - GLOSS BLACK
Acexxon,159.950000,R17-20-2,0.000000,0.000000,0.000000,0.000000,G8X M3/M4 ACEXXON REAR REFLECTOR INSERT SET - HORIZONTAL SLAT - GLOSS BLACK
Acexxon,79.950000,R18-10-1,0.000000,0.000000,0.000000,0.000000,GOLF 8 R / GTI ACEXXON REAR REFLECTOR INSERT SET - HONEYCOMB - MATTE BLACK
Acexxon,119.900000,R18-10-2,36.000000,14.000000,5.000000,0.250000,GOLF 8 R / GTI ACEXXON REAR REFLECTOR INSERT SET - HONEYCOMB - GLOSS BLACK
Acexxon,66.000000,R18-31-0,0.000000,0.000000,0.000000,0.000000,GOLF 8 R / GTI ACEXXON FRONT BUMPER REFLECTOR INSERT SET - FLAT - UNPAINTED
Acexxon,129.950000,R21-10-2,27.000000,10.000000,4.000000,0.200000,G42 2-Series ACEXXON REAR REFLECTOR INSERT SET - HONEYCOMB - GLOSS BLACK
Acexxon,95.000000,R22-10-1,0.000000,0.000000,0.000000,0.000000,8Y A3/ S3 / RS3 ACEXXON REAR REFLECTOR INSERT SET - HONEYCOMB - MATTE BLACK
Acexxon,149.000000,R22-10-2,38.000000,14.000000,8.000000,0.320000,8Y A3/ S3 / RS3 ACEXXON REAR REFLECTOR INSERT SET - HONEYCOMB - GLOSS BLACK
Acexxon,69.000000,R23-30-0,0.000000,0.000000,0.000000,0.000000,F5X ACEXXON FRONT FENDER INSERT SET - UNPAINTED
Acexxon,69.000000,R23-31-0,0.000000,0.000000,0.000000,0.000000,F5X ACEXXON REAR FENDER INSERT SET - UNPAINTED
Acexxon,159.950000,R25-10-2,33.000000,17.000000,8.000000,0.500000,G20 LCI ACEXXON REAR REFLECTOR INSERT SET - HONEYCOMB - GLOSS BLACK
Acexxon,159.950000,R28-10-2,21.000000,21.000000,21.000000,1.000000,G87 M2 ACEXXON REAR REFLECTOR INSERT SET - HONEYCOMB - GLOSS BLACK
Acexxon,159.950000,R28-20-2,0.000000,0.000000,0.000000,0.000000,G87 M2 ACEXXON REAR REFLECTOR INSERT SET - HORIZONTAL SLAT - GLOSS BLACK
Acexxon,139.950000,R29-10-2,50.000000,20.000000,15.000000,2.000000,G90 / G99 M5 ACEXXON REAR REFLECTOR INSERT SET - HONEYCOMB - GLOSS BLACK
Acexxon,114.990000,R33-1-1100-01,33.000000,18.000000,8.000000,0.300000,Acexxon BMW M8 F9x Honeycomb Rear Reflector Deletes
Acexxon,71.950000,T50-10-1,7.000000,5.000000,50.000000,0.520000,UNIVERSAL ACEXXON FRONT LIP PROTECTOR KIT - STANDARD - ADHESIVE
Acexxon,76.950000,T50-20-1,0.000000,0.000000,0.000000,0.000000,UNIVERSAL ACEXXON FRONT LIP PROTECTOR KIT - HEAVY DUTY - ADHESIVE