Supplier;Manufacturer;SKU;Name;VAT;Price;Purchase;Width;Height;Depth;Weight;Discount;Tags;"Meta title";"Meta Tags";URL
Akrapovic;Akrapovic;ME-BM/T/2+TP-BME92H-90/93;;7;5333.20;4099.90;142.000000;42.000000;67.000000;25.300000;;"Akrapovic, ME-BM/T/2-Z, ME-BM/T/2+TP-BME92H-90/93";;"Akrapovic, ME-BM/T/2-Z, ME-BM/T/2+TP-BME92H-90/93";akrapovic-me-bm-t-2-tp-bme92h-90-93
Akrapovic;Akrapovic;ME-BM/T/2+TP-CP/3;;7;5333.20;4099.90;142.000000;42.000000;67.000000;25.300000;;"Akrapovic, ME-BM/T/2-Z, ME-BM/T/2+TP-CP/3";;"Akrapovic, ME-BM/T/2-Z, ME-BM/T/2+TP-CP/3";akrapovic-me-bm-t-2-tp-cp-3
Akrapovic;Akrapovic;ME-BM/T/2+TP-CT/10;;7;7944.32;5958.24;142.000000;42.000000;67.000000;25.300000;;"Akrapovic, ME-BM/T/4-Z, ME-BM/T/2+TP-CT/10";;"Akrapovic, ME-BM/T/4-Z, ME-BM/T/2+TP-CT/10";akrapovic-me-bm-t-2-tp-ct-10
Akrapovic;Akrapovic;ME-BM/T/4+TP-T/S/5;;7;7944.32;5958.24;142.000000;42.000000;67.000000;25.300000;;"Akrapovic, ME-BM/T/4-Z, ME-BM/T/4+TP-T/S/5";;"Akrapovic, ME-BM/T/4-Z, ME-BM/T/4+TP-T/S/5";akrapovic-me-bm-t-4-tp-t-s-5
Akrapovic;Akrapovic;ME-NI/T/1+TP-NIR35C;;7;5783.73;4445.97;142.000000;42.000000;67.000000;25.300000;;"Akrapovic, ME-NI/T/1-Z, ME-NI/T/1+TP-NIR35C";;"Akrapovic, ME-NI/T/1-Z, ME-NI/T/1+TP-NIR35C";akrapovic-me-ni-t-1-tp-nir35c
Akrapovic;Akrapovic;ME-NI/T/1+TP-NIR35T;;7;5783.73;4445.97;142.000000;42.000000;67.000000;25.300000;;"Akrapovic, ME-NI/T/1-Z, ME-NI/T/1+TP-NIR35T";;"Akrapovic, ME-NI/T/1-Z, ME-NI/T/1+TP-NIR35T";akrapovic-me-ni-t-1-tp-nir35t
Akrapovic;Akrapovic;"MTP-BM/SS/1H + E-BM/SS/1";;7;3301.53;2476.15;40.000000;79.000000;170.000000;30.000000;;"Akrapovic, MTP-BM/SS/1H + E-BM/SS/1, ";;"Akrapovic, MTP-BM/SS/1H + E-BM/SS/1, ";akrapovic-mtp-bm-ss-1h-e-bm-ss-1
Akrapovic;Akrapovic;ME-MIN/TI/1H+TP-MINR56/57-T;;7;1714.39;1285.79;68.000000;140.000000;26.000000;18.750000;;"Akrapovic, ME-MIN/TI/1H-Z, ME-MIN/TI/1H+TP-MINR56/57-T";;"Akrapovic, ME-MIN/TI/1H-Z, ME-MIN/TI/1H+TP-MINR56/57-T";akrapovic-me-min-ti-1h-tp-minr56-57-t
Akrapovic;Akrapovic;ME-MIN/SS/2H+TP-MINR56/57-CA;;7;1714.39;1285.79;68.000000;140.000000;26.000000;18.750000;;"Akrapovic, ME-MIN/TI/1H-Z, ME-MIN/SS/2H+TP-MINR56/57-CA";;"Akrapovic, ME-MIN/TI/1H-Z, ME-MIN/SS/2H+TP-MINR56/57-CA";akrapovic-me-min-ss-2h-tp-minr56-57-ca
Akrapovic;Akrapovic;ME-NI/SS/1;;7;2970.13;2220.10;178.000000;68.000000;39.000000;31.300000;;"Akrapovic, ME-NI/SS/1, ";;"Akrapovic, ME-NI/SS/1, ";akrapovic-me-ni-ss-1
Akrapovic;Akrapovic;M-BM/T/8H+E-BM/T/3+TP-CT/26;;7;6802.57;5101.93;232.000000;99.000000;82.000000;43.400000;;"Akrapovic, M-BM/T/8H+E-BM/T/3+TP-CT/26, ";;"Akrapovic, M-BM/T/8H+E-BM/T/3+TP-CT/26, ";akrapovic-m-bm-t-8h-e-bm-t-3-tp-ct-26
Akrapovic;Akrapovic;M-BM/T/4H+TP-CT/5;;7;3664.11;2748.08;122.000000;70.000000;40.000000;18.000000;;"Akrapovic, M-BM/T/4H+TP-CT/5, ";;"Akrapovic, M-BM/T/4H+TP-CT/5, ";akrapovic-m-bm-t-4h-tp-ct-5
Akrapovic;Akrapovic;M-NIZ34H+TP-NIZ34-C;;7;1926.65;1444.99;67.500000;41.000000;142.000000;20.000000;;"Akrapovic, M-NIZ34H+TP-NIZ34-C, ";;"Akrapovic, M-NIZ34H+TP-NIZ34-C, ";akrapovic-m-niz34h-tp-niz34-c
Akrapovic;Akrapovic;M-BM/T/8H+TP-CT/26;;7;4743.94;3557.95;145.000000;101.000000;34.000000;28.700000;;"Akrapovic, M-BM/T/8H+TP-CT/26, ";;"Akrapovic, M-BM/T/8H+TP-CT/26, ";akrapovic-m-bm-t-8h-tp-ct-26
Akrapovic;Akrapovic;"MTP-ME/T/3H + E-ME/T/3";;7;7375.10;5531.33;142.000000;42.000000;67.000000;25.300000;;"Akrapovic, MTP-ME/T/3H + E-ME/T/3, ";;"Akrapovic, MTP-ME/T/3H + E-ME/T/3, ";akrapovic-mtp-me-t-3h-e-me-t-3
Akrapovic;Akrapovic;M-FI/SS/1H/1+TP-CS/1;;7;1675.53;1256.64;142.000000;67.000000;26.000000;16.500000;;"Akrapovic, M-FI/SS/1H/1+TP-CS/1, ";;"Akrapovic, M-FI/SS/1H/1+TP-CS/1, ";akrapovic-m-fi-ss-1h-1-tp-cs-1
Akrapovic;Akrapovic;S-TYT1H+E-TY/SS/2;;7;4322.76;3323.17;167.000000;132.000000;32.000000;26.000000;;"Akrapovic, S-TY/T/1H+E-TY/SS/x-Z, S-TYT1H+E-TY/SS/2";;"Akrapovic, S-TY/T/1H+E-TY/SS/x-Z, S-TYT1H+E-TY/SS/2";akrapovic-s-tyt1h-e-ty-ss-2
Akrapovic;Akrapovic;S-TYT1H+E-TY/SS/1;;7;4322.76;3323.17;167.000000;132.000000;32.000000;26.000000;;"Akrapovic, S-TY/T/1H+E-TY/SS/x-Z, S-TYT1H+E-TY/SS/1";;"Akrapovic, S-TY/T/1H+E-TY/SS/x-Z, S-TYT1H+E-TY/SS/1";akrapovic-s-tyt1h-e-ty-ss-1
Akrapovic;Akrapovic;MTP-BM/SS/3H+E-BM/SS/3;;7;3156.56;2367.42;67.000000;42.000000;142.000000;25.300000;;"Akrapovic, MTP-BM/SS/3H+E-BM/SS/3, ";;"Akrapovic, MTP-BM/SS/3H+E-BM/SS/3, ";akrapovic-mtp-bm-ss-3h-e-bm-ss-3
Akrapovic;Akrapovic;S-BM/T/7H+TP-CT/47/RS;;7;10888.10;6252.45;168.000000;79.000000;39.000000;30.000000;;"Akrapovic, S-BM/T/2H+TP-CT/47/RS-Z, S-BM/T/7H+TP-CT/47/RS";;"Akrapovic, S-BM/T/2H+TP-CT/47/RS-Z, S-BM/T/7H+TP-CT/47/RS";akrapovic-s-bm-t-7h-tp-ct-47-rs
Akrapovic;Akrapovic;S-BM/T/2H+TP-CT/47/RS;;7;8363.60;6272.70;168.000000;79.000000;39.000000;30.000000;;"Akrapovic, S-BM/T/2H+TP-CT/47/RS-Z, S-BM/T/2H+TP-CT/47/RS";;"Akrapovic, S-BM/T/2H+TP-CT/47/RS-Z, S-BM/T/2H+TP-CT/47/RS";akrapovic-s-bm-t-2h-tp-ct-47-rs
Akrapovic;Akrapovic;S-BMT3H+E-BM/T/5;;7;6965.60;5224.20;230.000000;144.000000;34.000000;44.000000;;"Akrapovic, S-BMT3H+E-BM/T/5, ";;"Akrapovic, S-BMT3H+E-BM/T/5, ";akrapovic-s-bmt3h-e-bm-t-5
Akrapovic;Akrapovic;S-BM/T/8H+E-BM/SS/4;;7;2909.74;1943.10;67.000000;42.000000;142.000000;25.300000;;"Akrapovic, MTP-BM/SS/4H+E-BM/SS/3-Z, S-BM/T/8H+E-BM/SS/4";;"Akrapovic, MTP-BM/SS/4H+E-BM/SS/3-Z, S-BM/T/8H+E-BM/SS/4";akrapovic-s-bm-t-8h-e-bm-ss-4
Akrapovic;Akrapovic;MTP-BM/SS/4H+E-BM/SS/3;;7;2527.63;1943.10;67.000000;42.000000;142.000000;25.300000;;"Akrapovic, MTP-BM/SS/4H+E-BM/SS/3-Z, MTP-BM/SS/4H+E-BM/SS/3";;"Akrapovic, MTP-BM/SS/4H+E-BM/SS/3-Z, MTP-BM/SS/4H+E-BM/SS/3";akrapovic-mtp-bm-ss-4h-e-bm-ss-3
Akrapovic;Akrapovic;MTP-BM/SS/2H+E-BM/SS/2;;7;3199.98;2516.64;142.000000;67.000000;26.000000;12.000000;;"Akrapovic, MTP-BM/SS/2H+E-BM/SS/2-Z, MTP-BM/SS/2H+E-BM/SS/2";;"Akrapovic, MTP-BM/SS/2H+E-BM/SS/2-Z, MTP-BM/SS/2H+E-BM/SS/2";akrapovic-mtp-bm-ss-2h-e-bm-ss-2
Akrapovic;Akrapovic;S-ME/TI/6H+E-ME/SS/1;;7;4739.56;3554.67;142.000000;42.000000;67.000000;25.300000;;"Akrapovic, S-ME/TI/6H+E-ME/SS/1, ";;"Akrapovic, S-ME/TI/6H+E-ME/SS/1, ";akrapovic-s-me-ti-6h-e-me-ss-1
Akrapovic;Akrapovic;S-AU/T/1H+L-AU/SS/8/1;;7;8802.05;6601.54;143.000000;67.000000;43.000000;25.300000;;"Akrapovic, S-AU/T/1H+L-AU/SS/8/1, ";;"Akrapovic, S-AU/T/1H+L-AU/SS/8/1, ";akrapovic-s-au-t-1h-l-au-ss-8-1
Akrapovic;Akrapovic;"S-RE/T/4H + L-RE/T/2	";;7;3539.39;2654.54;82.000000;42.000000;177.000000;20.000000;;"Akrapovic, S-RE/T/4H + L-RE/T/2	, ";;"Akrapovic, S-RE/T/4H + L-RE/T/2	, ";akrapovic-s-re-t-4h-l-re-t-2
Akrapovic;Akrapovic;S-ME/T/1H+L-ME/SS/3;;7;4579.92;3434.94;276.000000;68.000000;40.000000;28.000000;;"Akrapovic, S-ME/T/1H+L-ME/SS/3, ";;"Akrapovic, S-ME/T/1H+L-ME/SS/3, ";akrapovic-s-me-t-1h-l-me-ss-3
Akrapovic;Akrapovic;S-BM/T/15H+E-BM/SS/6;;7;3915.58;2936.69;177.000000;60.000000;133.000000;30.000000;;"Akrapovic, S-BM/T/15H+E-BM/SS/6, ";;"Akrapovic, S-BM/T/15H+E-BM/SS/6, ";akrapovic-s-bm-t-15h-e-bm-ss-6
Akrapovic;Akrapovic;S-BM/TI/33H+TP-CT/69;;7;7013.79;5260.35;200.000000;133.000000;53.000000;33.900000;;"Akrapovic, S-BM/TI/33H+TP-CT/69, ";;"Akrapovic, S-BM/TI/33H+TP-CT/69, ";akrapovic-s-bm-ti-33h-tp-ct-69
Akrapovic;Akrapovic;"S-BM/T/10H TP-CT/60";;7;4841.40;3631.05;180.000000;180.000000;40.000000;30.000000;;"Akrapovic, S-BM/T/10H TP-CT/60, ";;"Akrapovic, S-BM/T/10H TP-CT/60, ";akrapovic-s-bm-t-10h-tp-ct-60
Akrapovic;Akrapovic;S-PO/TI/8+TP-T/S/19;;7;3560.20;2670.15;160.000000;50.000000;30.000000;17.000000;;"Akrapovic, S-PO/TI/8+TP-T/S/19, ";;"Akrapovic, S-PO/TI/8+TP-T/S/19, ";akrapovic-s-po-ti-8-tp-t-s-19
Akrapovic;Akrapovic;S-BM/T/34H+TP-CT/69;;7;5820.59;4459.00;142.000000;60.000000;68.000000;24.600000;;"Akrapovic, S-BM/T/34H+TP-CT/69, ";;"Akrapovic, S-BM/T/34H+TP-CT/69, ";akrapovic-s-bm-t-34h-tp-ct-69
Akrapovic;Akrapovic;S-PO/TI/19+TP-T/S/33;;7;4895.99;3671.99;142.000000;65.000000;27.000000;11.800000;;"Akrapovic, S-PO/TI/19+TP-T/S/33, ";;"Akrapovic, S-PO/TI/19+TP-T/S/33, ";akrapovic-s-po-ti-19-tp-t-s-33
Akrapovic;Akrapovic;S-BM/T/37H+TP-CT/79;;7;5890.00;4417.50;142.000000;68.000000;41.000000;21.000000;;"Akrapovic, S-BM/T/37H+TP-CT/79, ";;"Akrapovic, S-BM/T/37H+TP-CT/79, ";akrapovic-s-bm-t-37h-tp-ct-79
